Institute,Country,Model,Portal,Downscaling
CSIRO-BOM,Australia,ACCESS1.0,Climate Explorer,LOCA
CSIRO-BOM,Australia,ACCESS1.3,Climate Explorer,LOCA
CSIRO-BOM,Australia,ACCESS1.0,Climate Explorer,LOCA
CSIRO-BOM,Australia,ACCESS1.3,Climate Explorer,LOCA
NCAR,USA,CCSM4,Climate Explorer,LOCA
NCAR,USA,CESM1-BGC,Climate Explorer,LOCA
NCAR,USA,CESM1-CAM5,Climate Explorer,LOCA
CMCC,Italy,CMCC-CM,Climate Explorer,LOCA
CMCC,Italy,CMCC-CMS,Climate Explorer,LOCA
CNRM-CERFACS,France,CNRM-CM5,Climate Explorer,LOCA
CSIRO-QCCCE,Australia,CSIRO-Mk3.6.0,Climate Explorer,LOCA
CNRM-CERFACS,France,CNRM-CM5,Climate Explorer,LOCA
CSIRO-QCCCE,Australia,CSIRO-Mk3.6.0,Climate Explorer,LOCA
CCCma,Canada,CanESM2,Climate Explorer,LOCA
EC-EARTH,Europe,EC-EARTH,Climate Explorer,LOCA
LASG-CESS,China,FGOALS-g2,Climate Explorer,LOCA
NOAA,USA,GFDL-CM3,Climate Explorer,LOCA
NOAA,USA,GFDL-ESM2G,Climate Explorer,LOCA
NOAA,USA,GFDL-ESM2M,Climate Explorer,LOCA
NASA,USA,GISS-E2-H,Climate Explorer,LOCA
NASA,USA,GISS-E2-R,Climate Explorer,LOCA
NIMR-KMA,Korea,HadGEM2-AO,Climate Explorer,LOCA
MOHC,UK,HadGEM2-CC,Climate Explorer,LOCA
MOHC,UK,HadGEM2-ES,Climate Explorer,LOCA
IPSL,France,IPSL-CM5A-LR,Climate Explorer,LOCA
IPSL,France,IPSL-CM5A-MR,Climate Explorer,LOCA
MIROC,Japan,MIROC-ESM,Climate Explorer,LOCA
MIROC,Japan,MIROC-ESM-CHEM,Climate Explorer,LOCA
MIROC,Japan,MIROC5,Climate Explorer,LOCA
MPI-M,Germany,MPI-ESM-LR,Climate Explorer,LOCA
MPI-M,Germany,MPI-ESM-MR,Climate Explorer,LOCA
MRI,Japan,MRI-CGCM3,Climate Explorer,LOCA
NorESM,Norway,NorESM1-M,Climate Explorer,LOCA
NorESM,Norway,NorESM1-M,Climate Explorer,LOCA
BCC,China,BCC-CSM1.1,Climate Explorer,LOCA
BCC,China,BCC-CSM1.1-m,Climate Explorer,LOCA
INM,Russian Federation,INMCM4,Climate Explorer,LOCA
BCC,China,BCC-CSM1.1,USGS National Climate Change Viewer,MACA
BCC,China,BCC-CSM1.1-m,USGS National Climate Change Viewer,MACA
GCESS,China,BNU-ESM,USGS National Climate Change Viewer,MACA
CCCma,Canada,CanESM2,USGS National Climate Change Viewer,MACA
CanESM,Canada,CanESM2,USGS National Climate Change Viewer,MACA
NCAR,USA,CCSM4,USGS National Climate Change Viewer,MACA
CNRM-CERFACS,France,CNRM-CM5,USGS National Climate Change Viewer,MACA
CSIRO-QCCCE,Australia,CSIRO-Mk3.6.0,USGS National Climate Change Viewer,MACA
NOAA,USA,GFDL-ESM2G,USGS National Climate Change Viewer,MACA
NOAA,USA,GFDL-ESM2M,USGS National Climate Change Viewer,MACA
MOHC,UK,HadGEM2-CC,USGS National Climate Change Viewer,MACA
MOHC,UK,HadGEM2-CC,USGS National Climate Change Viewer,MACA
MOHC,UK,HadGEM2-ES,USGS National Climate Change Viewer,MACA
MOHC,UK,HadGEM2-ES,USGS National Climate Change Viewer,MACA
INM,Russian Federation,INMCM4,USGS National Climate Change Viewer,MACA
IPSL,France,IPSL-CM5A-LR,USGS National Climate Change Viewer,MACA
IPSL,France,IPSL-CM5A-MR,USGS National Climate Change Viewer,MACA
IPSL,France,IPSL-CM5B-LR,USGS National Climate Change Viewer,MACA
MIROC,Japan,MIROC5,USGS National Climate Change Viewer,MACA
MIROC,Japan,MIROC-ESM,USGS National Climate Change Viewer,MACA
MIROC,Japan,MIROC-ESM-CHEM,USGS National Climate Change Viewer,MACA
MRI,Japan,MRI-CGCM3,USGS National Climate Change Viewer,MACA
NCC,Norway,NorESM1-M,USGS National Climate Change Viewer,MACA
NorESM,Norway,NorESM1-M,USGS National Climate Change Viewer,MACA
CSIRO-BOM,Australia,ACCESS1.0,NOAA Climate Change Web Portal,Regrid
CSIRO-BOM,Australia,ACCESS1.3,NOAA Climate Change Web Portal,Regrid
BCC,China,BCC-CSM1.1-m,NOAA Climate Change Web Portal,Regrid
BCC,China,BCC-CSM1.1,NOAA Climate Change Web Portal,Regrid
GCESS,China,BNU-ESM,NOAA Climate Change Web Portal,Regrid
CCCma,Canada,CanESM2,NOAA Climate Change Web Portal,Regrid
CanESM,Canada,CanESM2,NOAA Climate Change Web Portal,Regrid
NCAR,USA,CCSM4,NOAA Climate Change Web Portal,Regrid
NCAR,USA,CESM1-BGC,NOAA Climate Change Web Portal,Regrid
NCAR,USA,CESM1-CAM5,NOAA Climate Change Web Portal,Regrid
CMCC,Italy,CMCC-CESM,NOAA Climate Change Web Portal,Regrid
CMCC,Italy,CMCC-CM,NOAA Climate Change Web Portal,Regrid
CNRM-CERFACS,France,CNRM-CM5,NOAA Climate Change Web Portal,Regrid
CSIRO-QCCCE,Australia,CSIRO-Mk3.6.0,NOAA Climate Change Web Portal,Regrid
EC-EARTH,Europe,EC-EARTH,NOAA Climate Change Web Portal,Regrid
LASG-CESS,China,FGOALS-g2,NOAA Climate Change Web Portal,Regrid
LASG-CESS,China,FGOALS-S2,NOAA Climate Change Web Portal,Regrid
FIO,China,FIO-ESM,NOAA Climate Change Web Portal,Regrid
NOAA,USA,GFDL-CM3,NOAA Climate Change Web Portal,Regrid
NOAA,USA,GFDL-ESM2G,NOAA Climate Change Web Portal,Regrid
NOAA,USA,GFDL-ESM2M,NOAA Climate Change Web Portal,Regrid
NASA,USA,GISS-E2-H,NOAA Climate Change Web Portal,Regrid
NASA,USA,GISS-E2-R,NOAA Climate Change Web Portal,Regrid
NIMR-KMA,Korea,HadGEM2-AO,NOAA Climate Change Web Portal,Regrid
MOHC,UK,HadGEM2-CC,NOAA Climate Change Web Portal,Regrid
MOHC,UK,HadGEM2-CC,NOAA Climate Change Web Portal,Regrid
MOHC,UK,HadGEM2-ES,NOAA Climate Change Web Portal,Regrid
MOHC,UK,HadGEM2-ES,NOAA Climate Change Web Portal,Regrid
INM,Russian Federation,INMCM,NOAA Climate Change Web Portal,Regrid
IPSL,France,IPSL-CM5A-LR,NOAA Climate Change Web Portal,Regrid
IPSL,France,IPSL-CM5A-MR,NOAA Climate Change Web Portal,Regrid
IPSL,France,IPSL-CM5B-LR,NOAA Climate Change Web Portal,Regrid
MIROC,Japan,MIROC-ESM-CHEM,NOAA Climate Change Web Portal,Regrid
MIROC,Japan,MIROC-ESM,NOAA Climate Change Web Portal,Regrid
MIROC,Japan,MIROC5,NOAA Climate Change Web Portal,Regrid
MPI,Germany,MPI-ESM-LR,NOAA Climate Change Web Portal,Regrid
MPI,Germany,MPI-ESM-MR,NOAA Climate Change Web Portal,Regrid
MRI,Japan,MRI-CGCM3,NOAA Climate Change Web Portal,Regrid
NCC,Norway,NorESM1-ME,NOAA Climate Change Web Portal,Regrid
NorESM,Norway,NorESM1-ME,NOAA Climate Change Web Portal,Regrid
NCC,Norway,NorESM1-M,NOAA Climate Change Web Portal,Regrid
NorESM,Norway,NorESM1-M,NOAA Climate Change Web Portal,Regrid
CSIRO-BOM,Australia,ACCESS-CM2,NOAA Climate Change Web Portal: CMIP6,Regrid
CSIRO-BOM,Australia,ACCESS-ESM1-5,NOAA Climate Change Web Portal: CMIP6,Regrid
BCC,China,BCC-CSM2-MR,NOAA Climate Change Web Portal: CMIP6,Regrid
NCAR,USA,CESM2-WACCM,NOAA Climate Change Web Portal: CMIP6,Regrid
CCCma,Canada,CanESM5-CanOE,NOAA Climate Change Web Portal: CMIP6,Regrid
CCCma,Canada,CanESM5,NOAA Climate Change Web Portal: CMIP6,Regrid
CNRM-CERFACS,France,CNRM-CM6-1,NOAA Climate Change Web Portal: CMIP6,Regrid
EC-EARTH,Europe,EC-Earth3,NOAA Climate Change Web Portal: CMIP6,Regrid
EC-EARTH,Europe,EC-Earth3-Veg,NOAA Climate Change Web Portal: CMIP6,Regrid
CAS,China,FGOALS-f3-L,NOAA Climate Change Web Portal: CMIP6,Regrid
LASG-CESS,China,FGOALS-g3,NOAA Climate Change Web Portal: CMIP6,Regrid
MOHC,UK,HadGEM3-GC31-LL,NOAA Climate Change Web Portal: CMIP6,Regrid
INM-RAS,Russian Federation,INMCM4-8,NOAA Climate Change Web Portal: CMIP6,Regrid
INM-RAS,Russian Federation,INM-CM5-0,NOAA Climate Change Web Portal: CMIP6,Regrid
NIMS-KMA,Korea,KACE-1-0-G,NOAA Climate Change Web Portal: CMIP6,Regrid
UA,USA,MCM-UA-1-0,NOAA Climate Change Web Portal: CMIP6,Regrid
MIROC,Japan,MIROC-ES2L,NOAA Climate Change Web Portal: CMIP6,Regrid
MIROC,Japan,MIROC6,NOAA Climate Change Web Portal: CMIP6,Regrid
MRI,Japan,MRI-ESM2-0,NOAA Climate Change Web Portal: CMIP6,Regrid
MOHC,UK,UKESM1-0-LL,NOAA Climate Change Web Portal: CMIP6,Regrid
CSIRO-BOM,Australia,ACCESS1.0,CONUS Climate Console,MACA
CCCma,Canada,CanESM2,CONUS Climate Console,MACA
CanESM,Canada,CanESM2,CONUS Climate Console,MACA
NCAR,USA,CCSM4,CONUS Climate Console,MACA
NCAR,USA,CESM1-BGC,CONUS Climate Console,MACA
CMCC,Italy,CMCC-CM,CONUS Climate Console,MACA
CNRM-CERFACS,France,CNRM-CM5,CONUS Climate Console,MACA
NOAA,USA,GFDL-CM3,CONUS Climate Console,MACA
MOHC,UK,HadGEM2-CC,CONUS Climate Console,MACA
MOHC,UK,HadGEM2-CC,CONUS Climate Console,MACA
MOHC,UK,HadGEM2-ES,CONUS Climate Console,MACA
MOHC,UK,HadGEM2-ES,CONUS Climate Console,MACA
MIROC,Japan,MIROC5,CONUS Climate Console,MACA
MPI,Germany,ECHAM5,Pacific Northwest Climate Projection Tool,Dynamic
NCAR,USA,CCSM3,Pacific Northwest Climate Projection Tool,Dynamic
NCAR,USA,CCSM4,Pacific Northwest Climate Projection Tool,Dynamic
CSIRO-BOM,Australia,ACCESS1.0,Pacific Northwest Climate Projection Tool,Dynamic
CSIRO-BOM,Australia,ACCESS1.3,Pacific Northwest Climate Projection Tool,Dynamic
BCC,China,BCC-CSM1.1,Pacific Northwest Climate Projection Tool,Dynamic
CCCma,Canada,CanESM2,Pacific Northwest Climate Projection Tool,Dynamic
CanESM,Canada,CanESM2,Pacific Northwest Climate Projection Tool,Dynamic
CSIRO-QCCCE,Australia,CSIRO-Mk3.6.0,Pacific Northwest Climate Projection Tool,Dynamic
LASG-CESS,China,FGOALS-g2,Pacific Northwest Climate Projection Tool,Dynamic
NOAA,USA,GFDL-CM3,Pacific Northwest Climate Projection Tool,Dynamic
NASA,USA,GISS-E2-H,Pacific Northwest Climate Projection Tool,Dynamic
MIROC,Japan,MIROC5,Pacific Northwest Climate Projection Tool,Dynamic
MRI,Japan,MRI-CGCM3,Pacific Northwest Climate Projection Tool,Dynamic
NCC,Norway,NorESM1-M,Pacific Northwest Climate Projection Tool,Dynamic
NorESM,Norway,NorESM1-M,Pacific Northwest Climate Projection Tool,Dynamic
CCCma,Canada,CanESM2,AdaptWest Watershed Climate Data Explorer,Other Stat
CanESM,Canada,CanESM2,AdaptWest Watershed Climate Data Explorer,Other Stat
CSIRO-BOM,Australia,ACCESS1.0,AdaptWest Watershed Climate Data Explorer,Other Stat
IPSL,France,IPSL-CM5A-MR,AdaptWest Watershed Climate Data Explorer,Other Stat
MIROC,Japan,MIROC5,AdaptWest Watershed Climate Data Explorer,Other Stat
MPI-M,Germany,MPI-ESM-LR,AdaptWest Watershed Climate Data Explorer,Other Stat
NCAR,USA,CCSM4,AdaptWest Watershed Climate Data Explorer,Other Stat
MOHC,UK,HadGEM2-ES,AdaptWest Watershed Climate Data Explorer,Other Stat
MOHC,UK,HadGEM2-ES,AdaptWest Watershed Climate Data Explorer,Other Stat
CNRM-CERFACS,France,CNRM-CM5,AdaptWest Watershed Climate Data Explorer,Other Stat
CSIRO-QCCCE,Australia,CSIRO-Mk3.6.0,AdaptWest Watershed Climate Data Explorer,Other Stat
NOAA,USA,GFDL-CM3,AdaptWest Watershed Climate Data Explorer,Other Stat
INM,Russian Federation,INMCM4,AdaptWest Watershed Climate Data Explorer,Other Stat
MRI,Japan,MRI-CGCM3,AdaptWest Watershed Climate Data Explorer,Other Stat
MIROC,Japan,MIROC-ESM,AdaptWest Watershed Climate Data Explorer,Other Stat
NCAR,USA,CESM1-CAM5,AdaptWest Watershed Climate Data Explorer,Other Stat
NASA,USA,GISS-E2R,AdaptWest Watershed Climate Data Explorer,Other Stat
USGS,USA,CoSMos,Cal-Adapt Climate Tools,LOCA
UCSanDiego,USA,CalFloD3D-TFS,Cal-Adapt Climate Tools,LOCA
CCCma,Canada,CanESM2,Cal-Adapt Climate Tools,LOCA
CanESM,Canada,CanESM2,Cal-Adapt Climate Tools,LOCA
CNRM-CERFACS,France,CNRM-CM5,Cal-Adapt Climate Tools,LOCA
MOHC,UK,HadGEM2-ES,Cal-Adapt Climate Tools,LOCA
MOHC,UK,HadGEM2-ES,Cal-Adapt Climate Tools,LOCA
MIROC,Japan,MIROC5,Cal-Adapt Climate Tools,LOCA
CSIRO-BOM,Australia,ACCESS1.0,EPA CREAT,Regrid
CSIRO-BOM,Australia,ACCESS1.3,EPA CREAT,Regrid
BCC,China,BCC-CSM1.1,EPA CREAT,Regrid
BCC,China,BCC-CSM1.1-m,EPA CREAT,Regrid
GCESS,China,BNU_ESM,EPA CREAT,Regrid
CCCma,Canada,CanESM2,EPA CREAT,Regrid
NCAR,USA,CCSM4,EPA CREAT,Regrid
NCAR,USA,CESM1-BGC,EPA CREAT,Regrid
NCAR,USA,CESM1-CAM5,EPA CREAT,Regrid
CMCC,Italy,CMCC-CM,EPA CREAT,Regrid
CMCC,Italy,CMCC-CMS,EPA CREAT,Regrid
CNRM-CERFACS,France,CNRM-CM5,EPA CREAT,Regrid
CSIRO-QCCCE,Australia,CSIRO-Mk3.6.0,EPA CREAT,Regrid
EC-EARTH,Europe,EC-EARTH,EPA CREAT,Regrid
LASG-CESS,China,FGOALS-G2,EPA CREAT,Regrid
LASG-CESS,China,FGOALS-S2,EPA CREAT,Regrid
NOAA,USA,GFDL-CM3,EPA CREAT,Regrid
NOAA,USA,GFDL-ESM2G,EPA CREAT,Regrid
NOAA,USA,GFDL-ESM2M,EPA CREAT,Regrid
NASA,USA,GISS-E2-H,EPA CREAT,Regrid
NASA,USA,GISS-E2-H-CC,EPA CREAT,Regrid
NASA,USA,GISS-E2-R,EPA CREAT,Regrid
NASA,USA,GISS-E2-R-CC,EPA CREAT,Regrid
NIMR-KMA,Korea,HadGEM2-AO,EPA CREAT,Regrid
MOHC,UK,HadGEM2-CC,EPA CREAT,Regrid
MOHC,UK,HadGEM2-ES,EPA CREAT,Regrid
INM,Russian Federation,INMCM4,EPA CREAT,Regrid
IPSL,France,IPSL-CM5A-LR,EPA CREAT,Regrid
IPSL,France,IPSL-CM5A-MR,EPA CREAT,Regrid
IPSL,France,IPSL-CM5B-LR,EPA CREAT,Regrid
MIROC,Japan,MIROC-ESM,EPA CREAT,Regrid
MIROC,Japan,MIROC-ESM-CHEM,EPA CREAT,Regrid
MIROC,Japan,MIROC5,EPA CREAT,Regrid
MPI-M,Germany,MPI-ESM-LR,EPA CREAT,Regrid
MPI-M,Germany,MPI-ESM-MR,EPA CREAT,Regrid
MRI,Japan,MRI-CGCM3,EPA CREAT,Regrid
NorESM,Norway,NorESM1-M,EPA CREAT,Regrid
NorESM,Norway,NorESM1-ME,EPA CREAT,Regrid
BCC,China,BCC-CSM1.1,MACA Download Tools,MACA
BCC,China,BCC-CSM1.1-m,MACA Download Tools,MACA
GCESS,China,BNU-ESM,MACA Download Tools,MACA
CCCma,Canada,CanESM2,MACA Download Tools,MACA
CanESM,Canada,CanESM2,MACA Download Tools,MACA
NCAR,USA,CCSM4,MACA Download Tools,MACA
CNRM-CERFACS,France,CNRM-CM5,MACA Download Tools,MACA
CSIRO-QCCCE,Australia,CSIRO-Mk3.6.0,MACA Download Tools,MACA
NOAA,USA,GFDL-ESM2M,MACA Download Tools,MACA
NOAA,USA,GFDL-ESM2G,MACA Download Tools,MACA
MOHC,UK,HadGEM2-ES,MACA Download Tools,MACA
MOHC,UK,HadGEM2-ES,MACA Download Tools,MACA
MOHC,UK,HadGEM2-CC,MACA Download Tools,MACA
MOHC,UK,HadGEM2-CC,MACA Download Tools,MACA
INM,Russian Federation,INMCM4,MACA Download Tools,MACA
IPSL,France,IPSL-CM5A-LR,MACA Download Tools,MACA
IPSL,France,IPSL-CM5A-MR,MACA Download Tools,MACA
IPSL,France,IPSL-CM5B-LR,MACA Download Tools,MACA
MIROC,Japan,MIROC5,MACA Download Tools,MACA
MIROC,Japan,MIROC-ESM,MACA Download Tools,MACA
MIROC,Japan,MIROC-ESM-CHEM,MACA Download Tools,MACA
MRI,Japan,MRI-CGCM3,MACA Download Tools,MACA
NCC,Norway,NorESM1-M,MACA Download Tools,MACA
NorESM,Norway,NorESM1-M,MACA Download Tools,MACA
NOAA,USA,GFDL-ESM2G,Climate Impact Map,BCSD
FIO,China,FIO-ESM,Climate Impact Map,BCSD
NASA,USA,GISS-E2-R,Climate Impact Map,BCSD
LASG-CESS,China,FGOALS-g2,Climate Impact Map,BCSD
MPI-M,Germany,MPI-ESM-LR,Climate Impact Map,BCSD
MPI-M,Germany,MPI-ESM-MR,Climate Impact Map,BCSD
BCC,China,BCC-CSM1.1,Climate Impact Map,BCSD
NCC,Norway,NorESM1-M,Climate Impact Map,BCSD
NorESM,Norway,NorESM1-M,Climate Impact Map,BCSD
NCAR,USA,CCSM4,Climate Impact Map,BCSD
NCC,Norway,NorESM1-ME,Climate Impact Map,BCSD
NorESM,Norway,NorESM1-ME,Climate Impact Map,BCSD
MRI,Japan,MRI-CGCM3,Climate Impact Map,BCSD
MIROC,Japan,MIROC5,Climate Impact Map,BCSD
IPSL,France,IPSL-CM5A-MR,Climate Impact Map,BCSD
NIMR-KMA,Korea,HadGEM2-AO,Climate Impact Map,BCSD
GCESS,China,BNU-ESM,Climate Impact Map,BCSD
IPSL,France,IPSL-CM5A-LR,Climate Impact Map,BCSD
MOHC,UK,HadGEM2-ES,Climate Impact Map,BCSD
NCAR,USA,CESM1-CAM5,Climate Impact Map,BCSD
CSIRO-QCCCE,Australia,CSIRO-Mk3.6.0,Climate Impact Map,BCSD
CCCma,Canada,CanESM2,Climate Impact Map,BCSD
CanESM,Canada,CanESM2,Climate Impact Map,BCSD
MIROC,Japan,MIROC-ESM-CHEM,Climate Impact Map,BCSD
MIROC,Japan,MIROC-ESM,Climate Impact Map,BCSD
NOAA,USA,GFDL CM3,Climate Impact Map,BCSD
NOAA,USA,GFDL CM3,Climate Impact Map,BCSD
NCAR,USA,GFDL CM3,Climate Impact Map,BCSD
MOHC,UK,HadGEM2-ES,Climate Impact Map,BCSD
MOHC,UK,HadGEM2-ES,Climate Impact Map,BCSD
BCC,China,BCC-CSM1.1,Climate Toolbox,MACA
BCC,China,BCC-CSM1.1-m,Climate Toolbox,MACA
GCESS,China,BNU-ESM,Climate Toolbox,MACA
CCCma,Canada,CanESM2,Climate Toolbox,MACA
CanESM,Canada,CanESM2,Climate Toolbox,MACA
NCAR,USA,CCSM4,Climate Toolbox,MACA
CNRM-CERFACS,France,CNRM-CM5,Climate Toolbox,MACA
CSIRO-QCCCE,Australia,CSIRO-Mk3.6.0,Climate Toolbox,MACA
NOAA,USA,GFDL-ESM2G,Climate Toolbox,MACA
NOAA,USA,GFDL-ESM2M,Climate Toolbox,MACA
MOHC,UK,HadGEM2-CC365,Climate Toolbox,MACA
MOHC,UK,HadGEM2-ES365,Climate Toolbox,MACA
INM,Russian Federation,INMCM4,Climate Toolbox,MACA
IPSL,France,IPSL-CM5A-LR,Climate Toolbox,MACA
IPSL,France,IPSL-CM5A-MR,Climate Toolbox,MACA
IPSL,France,IPSL-CM5B-LR,Climate Toolbox,MACA
MIROC,Japan,MIROC5,Climate Toolbox,MACA
MIROC,Japan,MIROC-ESM,Climate Toolbox,MACA
MIROC,Japan,MIROC-ESM-CHEM,Climate Toolbox,MACA
MRI,Japan,MRI-CGCM3,Climate Toolbox,MACA
NCC,Norway,NorESM1-M,Climate Toolbox,MACA
NorESM,Norway,NorESM1-M,Climate Toolbox,MACA
CSIRO-BOM,Australia,ACCESS-CM2,IPCC AR6 Interactive Atlas,Dynamic Regrid
CSIRO-BOM,Australia,ACCESS-ESM1-5,IPCC AR6 Interactive Atlas,Dynamic Regrid
AWI,Germany,AWI-CM-1-1-MR,IPCC AR6 Interactive Atlas,Dynamic Regrid
BCC,China,BCC-CSM2-MR,IPCC AR6 Interactive Atlas,Dynamic Regrid
CAMS,China,CAMS-CSM1-0,IPCC AR6 Interactive Atlas,Dynamic Regrid
CCCma,Canada,CanESM5,IPCC AR6 Interactive Atlas,Dynamic Regrid
NCAR,USA,CESM2,IPCC AR6 Interactive Atlas,Dynamic Regrid
NCAR,USA,CESM2-WACCM,IPCC AR6 Interactive Atlas,Dynamic Regrid
CMCC,Italy,CMCC-CM2-SR5,IPCC AR6 Interactive Atlas,Dynamic Regrid
CNRM-CERFACS,France,CNRM-CM6-1,IPCC AR6 Interactive Atlas,Dynamic Regrid
CNRM-CERFACS,France,CNRM-CM6-1-HR,IPCC AR6 Interactive Atlas,Dynamic Regrid
CNRM-CERFACS,France,CNRM-ESM2-1,IPCC AR6 Interactive Atlas,Dynamic Regrid
EC-EARTH,Europe,EC-Earth3,IPCC AR6 Interactive Atlas,Dynamic Regrid
EC-EARTH,Europe,EC-Earth3-Veg,IPCC AR6 Interactive Atlas,Dynamic Regrid
LASG IAP,China,FGOALS-g3,IPCC AR6 Interactive Atlas,Dynamic Regrid
NOAA,USA,GFDL-CM4,IPCC AR6 Interactive Atlas,Dynamic Regrid
NOAA,USA,GFDL-ESM4,IPCC AR6 Interactive Atlas,Dynamic Regrid
MOHC,UK,HadGEM3-GC31-LL,IPCC AR6 Interactive Atlas,Dynamic Regrid
CCCR-IITM,India,IITM-ESM,IPCC AR6 Interactive Atlas,Dynamic Regrid
INM-RAS,Russian Federation,INMCM4-8,IPCC AR6 Interactive Atlas,Dynamic Regrid
INM-RAS,Russian Federation,INM-CM5-0,IPCC AR6 Interactive Atlas,Dynamic Regrid
IPSL,France,IPSL-CM6A-LR,IPCC AR6 Interactive Atlas,Dynamic Regrid
NIMS-KMA,Korea,KACE-1-0-G,IPCC AR6 Interactive Atlas,Dynamic Regrid
KIOST,Korea,KIOST-ESM,IPCC AR6 Interactive Atlas,Dynamic Regrid
MIROC,Japan,MIROC-ES2L,IPCC AR6 Interactive Atlas,Dynamic Regrid
MIROC,Japan,MIROC6,IPCC AR6 Interactive Atlas,Dynamic Regrid
HAMMOZ,China,MPI-ESM-1-2-HAM,IPCC AR6 Interactive Atlas,Dynamic Regrid
HAMMOZ,China,MPI-ESM1-2-HR,IPCC AR6 Interactive Atlas,Dynamic Regrid
HAMMOZ,China,MPI-ESM1-2-LR,IPCC AR6 Interactive Atlas,Dynamic Regrid
MRI,Japan,MRI-ESM2-0,IPCC AR6 Interactive Atlas,Dynamic Regrid
NUIST,China,NESM3,IPCC AR6 Interactive Atlas,Dynamic Regrid
NorESM,Norway,NorESM2-LM,IPCC AR6 Interactive Atlas,Dynamic Regrid
NorESM,Norway,NorESM2-MM,IPCC AR6 Interactive Atlas,Dynamic Regrid
AS-RCEC,China,TaiESM1,IPCC AR6 Interactive Atlas,Dynamic Regrid
MOHC,UK,UKESM1-0-LL,IPCC AR6 Interactive Atlas,Dynamic Regrid
CNRM-CERFACS,France,CNRM-CM5,IPCC AR6 Interactive Atlas,Dynamic Regrid
CSIRO-QCCCE,Australia,CSIRO-Mk3.6.0,IPCC AR6 Interactive Atlas,Dynamic Regrid
CCCma,Canada,CanESM2,IPCC AR6 Interactive Atlas,Dynamic Regrid
CanESM,Canada,CanESM2,IPCC AR6 Interactive Atlas,Dynamic Regrid
EC-EARTH,Europe,EC-EARTH,IPCC AR6 Interactive Atlas,Dynamic Regrid
LASG-CESS,China,FGOALS-g2,IPCC AR6 Interactive Atlas,Dynamic Regrid
NOAA,USA,GFDL-CM3,IPCC AR6 Interactive Atlas,Dynamic Regrid
NOAA,USA,GFDL-ESM2G,IPCC AR6 Interactive Atlas,Dynamic Regrid
NOAA,USA,GFDL-ESM2M,IPCC AR6 Interactive Atlas,Dynamic Regrid
MOHC,UK,HadGEM2-CC,IPCC AR6 Interactive Atlas,Dynamic Regrid
MOHC,UK,HadGEM2-CC,IPCC AR6 Interactive Atlas,Dynamic Regrid
MOHC,UK,HadGEM2-ES,IPCC AR6 Interactive Atlas,Dynamic Regrid
MOHC,UK,HadGEM2-ES,IPCC AR6 Interactive Atlas,Dynamic Regrid
IPSL,France,IPSL-CM5A-LR,IPCC AR6 Interactive Atlas,Dynamic Regrid
IPSL,France,IPSL-CM5A-MR,IPCC AR6 Interactive Atlas,Dynamic Regrid
IPSL,France,IPSL-CM5B-LR,IPCC AR6 Interactive Atlas,Dynamic Regrid
MIROC,Japan,MIROC-ESM-CHEM,IPCC AR6 Interactive Atlas,Dynamic Regrid
MIROC,Japan,MIROC-ESM,IPCC AR6 Interactive Atlas,Dynamic Regrid
MIROC,Japan,MIROC5,IPCC AR6 Interactive Atlas,Dynamic Regrid
MPI-M,Germany,MPI-ESM-LR,IPCC AR6 Interactive Atlas,Dynamic Regrid
MPI-M,Germany,MPI-ESM-MR,IPCC AR6 Interactive Atlas,Dynamic Regrid
MRI,Japan,MRI-CGCM3,IPCC AR6 Interactive Atlas,Dynamic Regrid
NCC,Norway,NorESM1-M,IPCC AR6 Interactive Atlas,Dynamic Regrid
NorESM,Norway,NorESM1-M,IPCC AR6 Interactive Atlas,Dynamic Regrid
BCC,China,BCC-CSM1.1-m,IPCC AR6 Interactive Atlas,Dynamic Regrid
BCC,China,BCC-CSM1.1,IPCC AR6 Interactive Atlas,Dynamic Regrid
INM,Russian Federation,INMCM4,IPCC AR6 Interactive Atlas,Dynamic Regrid
BCC,China,BCC-CSM1.1,GDO-DCHP,"LOCA, BCSD, BCCA, Regrid"
BCC,China,BCC-CSM1.1m,GDO-DCHP,"LOCA, BCSD, BCCA, Regrid"
CCCma,Canada,CanAM4,GDO-DCHP,"LOCA, BCSD, BCCA, Regrid"
CCCma,Canada,CanCM4,GDO-DCHP,"LOCA, BCSD, BCCA, Regrid"
CCCma,Canada,CanESM2,GDO-DCHP,"LOCA, BCSD, BCCA, Regrid"
CanESM,Canada,CanESM2,GDO-DCHP,"LOCA, BCSD, BCCA, Regrid"
CMCC,Italy,CMCC-CESM,GDO-DCHP,"LOCA, BCSD, BCCA, Regrid"
CMCC,Italy,CMCC-CM,GDO-DCHP,"LOCA, BCSD, BCCA, Regrid"
CMCC,Italy,CMCC-CMS,GDO-DCHP,"LOCA, BCSD, BCCA, Regrid"
CNRM-CERFACS,France,CNRM-CM5,GDO-DCHP,"LOCA, BCSD, BCCA, Regrid"
CNRM-CERFACS,France,CNRM-CM5-2,GDO-DCHP,"LOCA, BCSD, BCCA, Regrid"
NOAA,USA,CFSv2-2011,GDO-DCHP,"LOCA, BCSD, BCCA, Regrid"
NOAA,USA,CFSv2-2011,GDO-DCHP,"LOCA, BCSD, BCCA, Regrid"
CSIRO-BOM,Australia,ACCESS1.0,GDO-DCHP,"LOCA, BCSD, BCCA, Regrid"
CSIRO-BOM,Australia,ACCESS1.3,GDO-DCHP,"LOCA, BCSD, BCCA, Regrid"
CSIRO-QCCCE,Australia,CSIRO-Mk3.6.0,GDO-DCHP,"LOCA, BCSD, BCCA, Regrid"
EC-EARTH,Europe,EC-EARTH,GDO-DCHP,"LOCA, BCSD, BCCA, Regrid"
FIO,China,FIO-ESM,GDO-DCHP,"LOCA, BCSD, BCCA, Regrid"
GCESS,China,BNU-ESM,GDO-DCHP,"LOCA, BCSD, BCCA, Regrid"
INM,Russian Federation,INMCM4,GDO-DCHP,"LOCA, BCSD, BCCA, Regrid"
IPSL,France,IPSL-CM5A-LR,GDO-DCHP,"LOCA, BCSD, BCCA, Regrid"
IPSL,France,IPSL-CM5A-MR,GDO-DCHP,"LOCA, BCSD, BCCA, Regrid"
IPSL,France,IPSL-CM5B-LR,GDO-DCHP,"LOCA, BCSD, BCCA, Regrid"
LASG-CESS,China,FGOALS-g2,GDO-DCHP,"LOCA, BCSD, BCCA, Regrid"
LASG-CESS,China,FGOALS-gl,GDO-DCHP,"LOCA, BCSD, BCCA, Regrid"
LASG-CESS,China,FGOALS-s2,GDO-DCHP,"LOCA, BCSD, BCCA, Regrid"
MIROC,Japan,MIROC4h,GDO-DCHP,"LOCA, BCSD, BCCA, Regrid"
MIROC,Japan,MIROC5,GDO-DCHP,"LOCA, BCSD, BCCA, Regrid"
MIROC,Japan,MIROC-ESM,GDO-DCHP,"LOCA, BCSD, BCCA, Regrid"
MIROC,Japan,MIROC-ESM-CHEM,GDO-DCHP,"LOCA, BCSD, BCCA, Regrid"
MOHC,UK,HadCM3,GDO-DCHP,"LOCA, BCSD, BCCA, Regrid"
MOHC,UK,HadCM3,GDO-DCHP,"LOCA, BCSD, BCCA, Regrid"
MOHC,UK,HadCM3Q,GDO-DCHP,"LOCA, BCSD, BCCA, Regrid"
MOHC,UK,HadGEM2-A,GDO-DCHP,"LOCA, BCSD, BCCA, Regrid"
MOHC,UK,HadGEM2-CC,GDO-DCHP,"LOCA, BCSD, BCCA, Regrid"
MOHC,UK,HadGEM2-CC,GDO-DCHP,"LOCA, BCSD, BCCA, Regrid"
MOHC,UK,HadGEM2-ES,GDO-DCHP,"LOCA, BCSD, BCCA, Regrid"
MOHC,UK,HadGEM2-ES,GDO-DCHP,"LOCA, BCSD, BCCA, Regrid"
MPI-M,Germany,MPI-ESM-LR,GDO-DCHP,"LOCA, BCSD, BCCA, Regrid"
MPI-M,Germany,MPI-ESM-MR,GDO-DCHP,"LOCA, BCSD, BCCA, Regrid"
MPI-M,Germany,MPI-ESM-P,GDO-DCHP,"LOCA, BCSD, BCCA, Regrid"
MRI,Japan,MRI-AGCM3.2H,GDO-DCHP,"LOCA, BCSD, BCCA, Regrid"
MRI,Japan,MRI-AGCM3.2S,GDO-DCHP,"LOCA, BCSD, BCCA, Regrid"
MRI,Japan,MRI-CGCM3,GDO-DCHP,"LOCA, BCSD, BCCA, Regrid"
MRI,Japan,MRI-ESM1,GDO-DCHP,"LOCA, BCSD, BCCA, Regrid"
NASA,USA,GISS-E2-H,GDO-DCHP,"LOCA, BCSD, BCCA, Regrid"
NASA,USA,GISS-E2-H-CC,GDO-DCHP,"LOCA, BCSD, BCCA, Regrid"
NASA,USA,GISS-E2-R,GDO-DCHP,"LOCA, BCSD, BCCA, Regrid"
NASA,USA,GISS-E2-R-CC,GDO-DCHP,"LOCA, BCSD, BCCA, Regrid"
NASA,USA,GEOS-5,GDO-DCHP,"LOCA, BCSD, BCCA, Regrid"
NCAR,USA,CCSM4,GDO-DCHP,"LOCA, BCSD, BCCA, Regrid"
NorESM,Norway,NorESM1-M,GDO-DCHP,"LOCA, BCSD, BCCA, Regrid"
NorESM,Norway,NorESM1-ME,GDO-DCHP,"LOCA, BCSD, BCCA, Regrid"
NICAM,Japan,NICAM.09,GDO-DCHP,"LOCA, BCSD, BCCA, Regrid"
NIMR-KMA,Korea,HadGEM2-AO,GDO-DCHP,"LOCA, BCSD, BCCA, Regrid"
NOAA,USA,GFDL-CM2.1,GDO-DCHP,"LOCA, BCSD, BCCA, Regrid"
NOAA,USA,GFDL-CM3,GDO-DCHP,"LOCA, BCSD, BCCA, Regrid"
NOAA,USA,GFDL-ESM2G,GDO-DCHP,"LOCA, BCSD, BCCA, Regrid"
NOAA,USA,GFDL-ESM2M,GDO-DCHP,"LOCA, BCSD, BCCA, Regrid"
NOAA,USA,GFDL-HIRAM-C180,GDO-DCHP,"LOCA, BCSD, BCCA, Regrid"
NOAA,USA,GFDL-HIRAM-C360,GDO-DCHP,"LOCA, BCSD, BCCA, Regrid"
NCAR,USA,CESM1-BGC,GDO-DCHP,"LOCA, BCSD, BCCA, Regrid"
NCAR,USA,CESM1-CAM5,GDO-DCHP,"LOCA, BCSD, BCCA, Regrid"
BCC,China,BCC-CSM2-MR,GDO-DCHP,"LOCA, BCSD, BCCA, Regrid"
CCCma,Canada,CanESM5,GDO-DCHP,"LOCA, BCSD, BCCA, Regrid"
CNRM-CERFACS,France,CNRM-CM6-1,GDO-DCHP,"LOCA, BCSD, BCCA, Regrid"
CNRM-CERFACS,France,CNRM-ESM2-1,GDO-DCHP,"LOCA, BCSD, BCCA, Regrid"
EC-EARTH,Europe,EC-Earth3-Veg,GDO-DCHP,"LOCA, BCSD, BCCA, Regrid"
LASG IAP,China,FGOALS-g3,GDO-DCHP,"LOCA, BCSD, BCCA, Regrid"
NOAA,USA,GFDL-CM4,GDO-DCHP,"LOCA, BCSD, BCCA, Regrid"
NOAA,USA,GFDL-ESM4,GDO-DCHP,"LOCA, BCSD, BCCA, Regrid"
MOHC,UK,HadGEM3-GC31-LL,GDO-DCHP,"LOCA, BCSD, BCCA, Regrid"
INM-RAS,Russian Federation,INMCM4-8,GDO-DCHP,"LOCA, BCSD, BCCA, Regrid"
INM-RAS,Russian Federation,INM-CM5-0,GDO-DCHP,"LOCA, BCSD, BCCA, Regrid"
IPSL,France,IPSL-CM6A-LR,GDO-DCHP,"LOCA, BCSD, BCCA, Regrid"
MIROC,Japan,MIROC6,GDO-DCHP,"LOCA, BCSD, BCCA, Regrid"
MIROC,Japan,MIROC-ES2L,GDO-DCHP,"LOCA, BCSD, BCCA, Regrid"
MPI-M,Germany,MPI-ESM-1-2-HR,GDO-DCHP,"LOCA, BCSD, BCCA, Regrid"
MPI-M,Germany,MPI-ESM-1-2-LR,GDO-DCHP,"LOCA, BCSD, BCCA, Regrid"
MRI,Japan,MRI-ESM2-0,GDO-DCHP,"LOCA, BCSD, BCCA, Regrid"
NUIST,China,NESM3,GDO-DCHP,"LOCA, BCSD, BCCA, Regrid"
NorESM,Norway,NorESM2-LM,GDO-DCHP,"LOCA, BCSD, BCCA, Regrid"
NorESM,Norway,NorESM2-MM,GDO-DCHP,"LOCA, BCSD, BCCA, Regrid"
MOHC,UK,UKESM1-0-LL,GDO-DCHP,"LOCA, BCSD, BCCA, Regrid"
BCC,China,BCC-CSM1.1,KNMI Climate Change Atlas,Regrid
BCC,China,BCC-CSM1.1m,KNMI Climate Change Atlas,Regrid
CCCma,Canada,CanAM4,KNMI Climate Change Atlas,Regrid
CCCma,Canada,CanCM4,KNMI Climate Change Atlas,Regrid
CCCma,Canada,CanESM2,KNMI Climate Change Atlas,Regrid
CanESM,Canada,CanESM2,KNMI Climate Change Atlas,Regrid
CMCC,Italy,CMCC-CESM,KNMI Climate Change Atlas,Regrid
CMCC,Italy,CMCC-CM,KNMI Climate Change Atlas,Regrid
CMCC,Italy,CMCC-CMS,KNMI Climate Change Atlas,Regrid
CNRM-CERFACS,France,CNRM-CM5,KNMI Climate Change Atlas,Regrid
CNRM-CERFACS,France,CNRM-CM5-2,KNMI Climate Change Atlas,Regrid
NOAA,USA,CFSv2-2011,KNMI Climate Change Atlas,Regrid
NOAA,USA,CFSv2-2011,KNMI Climate Change Atlas,Regrid
CSIRO-BOM,Australia,ACCESS1.0,KNMI Climate Change Atlas,Regrid
CSIRO-BOM,Australia,ACCESS1.3,KNMI Climate Change Atlas,Regrid
CSIRO-QCCCE,Australia,CSIRO-Mk3.6.0,KNMI Climate Change Atlas,Regrid
EC-EARTH,Europe,EC-EARTH,KNMI Climate Change Atlas,Regrid
FIO,China,FIO-ESM,KNMI Climate Change Atlas,Regrid
GCESS,China,BNU-ESM,KNMI Climate Change Atlas,Regrid
INM,Russian Federation,INMCM4,KNMI Climate Change Atlas,Regrid
IPSL,France,IPSL-CM5A-LR,KNMI Climate Change Atlas,Regrid
IPSL,France,IPSL-CM5A-MR,KNMI Climate Change Atlas,Regrid
IPSL,France,IPSL-CM5B-LR,KNMI Climate Change Atlas,Regrid
LASG-CESS,China,FGOALS-g2,KNMI Climate Change Atlas,Regrid
LASG-CESS,China,FGOALS-gl,KNMI Climate Change Atlas,Regrid
LASG-CESS,China,FGOALS-s2,KNMI Climate Change Atlas,Regrid
MIROC,Japan,MIROC4h,KNMI Climate Change Atlas,Regrid
MIROC,Japan,MIROC5,KNMI Climate Change Atlas,Regrid
MIROC,Japan,MIROC-ESM,KNMI Climate Change Atlas,Regrid
MIROC,Japan,MIROC-ESM-CHEM,KNMI Climate Change Atlas,Regrid
MOHC,UK,HadCM3,KNMI Climate Change Atlas,Regrid
MOHC,UK,HadCM3,KNMI Climate Change Atlas,Regrid
MOHC,UK,HadCM3Q,KNMI Climate Change Atlas,Regrid
MOHC,UK,HadGEM2-A,KNMI Climate Change Atlas,Regrid
MOHC,UK,HadGEM2-CC,KNMI Climate Change Atlas,Regrid
MOHC,UK,HadGEM2-CC,KNMI Climate Change Atlas,Regrid
MOHC,UK,HadGEM2-ES,KNMI Climate Change Atlas,Regrid
MOHC,UK,HadGEM2-ES,KNMI Climate Change Atlas,Regrid
MPI-M,Germany,MPI-ESM-LR,KNMI Climate Change Atlas,Regrid
MPI-M,Germany,MPI-ESM-MR,KNMI Climate Change Atlas,Regrid
MPI-M,Germany,MPI-ESM-P,KNMI Climate Change Atlas,Regrid
MRI,Japan,MRI-AGCM3.2H,KNMI Climate Change Atlas,Regrid
MRI,Japan,MRI-AGCM3.2S,KNMI Climate Change Atlas,Regrid
MRI,Japan,MRI-CGCM3,KNMI Climate Change Atlas,Regrid
MRI,Japan,MRI-ESM1,KNMI Climate Change Atlas,Regrid
NASA,USA,GISS-E2-H,KNMI Climate Change Atlas,Regrid
NASA,USA,GISS-E2-H-CC,KNMI Climate Change Atlas,Regrid
NASA,USA,GISS-E2-R,KNMI Climate Change Atlas,Regrid
NASA,USA,GISS-E2-R-CC,KNMI Climate Change Atlas,Regrid
NASA,USA,GEOS-5,KNMI Climate Change Atlas,Regrid
NCAR,USA,CCSM4,KNMI Climate Change Atlas,Regrid
NCC,Norway,NorESM1-M,KNMI Climate Change Atlas,Regrid
NorESM,Norway,NorESM1-M,KNMI Climate Change Atlas,Regrid
NCC,Norway,NorESM1-ME,KNMI Climate Change Atlas,Regrid
NorESM,Norway,NorESM1-ME,KNMI Climate Change Atlas,Regrid
NICAM,Japan,NICAM.09,KNMI Climate Change Atlas,Regrid
NIMR-KMA,Korea,HadGEM2-AO,KNMI Climate Change Atlas,Regrid
NOAA,USA,GFDL-CM2.1,KNMI Climate Change Atlas,Regrid
NOAA,USA,GFDL-CM3,KNMI Climate Change Atlas,Regrid
NOAA,USA,GFDL-ESM2G,KNMI Climate Change Atlas,Regrid
NOAA,USA,GFDL-ESM2M,KNMI Climate Change Atlas,Regrid
NOAA,USA,GFDL-HIRAM-C180,KNMI Climate Change Atlas,Regrid
NOAA,USA,GFDL-HIRAM-C360,KNMI Climate Change Atlas,Regrid
NCAR,USA,CESM1-BGC,KNMI Climate Change Atlas,Regrid
NCAR,USA,CESM1-CAM5,KNMI Climate Change Atlas,Regrid
CSIRO-BOM,Australia,ACCESS-CM2,KNMI Climate Change Atlas,Regrid
CSIRO-BOM,Australia,ACCESS-ESM1-5,KNMI Climate Change Atlas,Regrid
BCC,China,BCC-CSM2-MR,KNMI Climate Change Atlas,Regrid
CCCma,Canada,CanESM5,KNMI Climate Change Atlas,Regrid
CNRM-CERFACS,France,CNRM-CM6-1,KNMI Climate Change Atlas,Regrid
CNRM-CERFACS,France,CNRM-ESM2-1,KNMI Climate Change Atlas,Regrid
EC-EARTH,Europe,EC-Earth3-Veg,KNMI Climate Change Atlas,Regrid
LASG IAP,China,FGOALS-g3,KNMI Climate Change Atlas,Regrid
NOAA,USA,GFDL-CM4,KNMI Climate Change Atlas,Regrid
NOAA,USA,GFDL-ESM4,KNMI Climate Change Atlas,Regrid
MOHC,UK,HadGEM3-GC31-LL,KNMI Climate Change Atlas,Regrid
INM-RAS,Russian Federation,INMCM4-8,KNMI Climate Change Atlas,Regrid
INM-RAS,Russian Federation,INM-CM5-0,KNMI Climate Change Atlas,Regrid
IPSL,France,IPSL-CM6A-LR,KNMI Climate Change Atlas,Regrid
MIROC,Japan,MIROC6,KNMI Climate Change Atlas,Regrid
MIROC,Japan,MIROC-ES2L,KNMI Climate Change Atlas,Regrid
MPI-M,Germany,MPI-ESM-1-2-HR,KNMI Climate Change Atlas,Regrid
MPI-M,Germany,MPI-ESM-1-2-LR,KNMI Climate Change Atlas,Regrid
MRI,Japan,MRI-ESM2-0,KNMI Climate Change Atlas,Regrid
NUIST,China,NESM3,KNMI Climate Change Atlas,Regrid
NorESM,Norway,NorESM2-LM,KNMI Climate Change Atlas,Regrid
NorESM,Norway,NorESM2-MM,KNMI Climate Change Atlas,Regrid
MOHC,UK,UKESM1-0-LL,KNMI Climate Change Atlas,Regrid