Institute,Country,Model,Portal,Downscaling
CSIRO-BOM,Australia,ACCESS1.0,Climate Explorer,LOCA
CSIRO-BOM,Australia,ACCESS1.3,Climate Explorer,LOCA
CSIRO-BOM,Australia,ACCESS1.0,Climate Explorer,LOCA
CSIRO-BOM,Australia,ACCESS1.3,Climate Explorer,LOCA
NCAR,USA,CCSM4,Climate Explorer,LOCA
NCAR,USA,CESM1-BGC,Climate Explorer,LOCA
NCAR,USA,CESM1-CAM5,Climate Explorer,LOCA
CMCC,Italy,CMCC-CM,Climate Explorer,LOCA
CMCC,Italy,CMCC-CMS,Climate Explorer,LOCA
CNRM-CERFACS,France,CNRM-CM5,Climate Explorer,LOCA
CSIRO-QCCCE,Australia,CSIRO-Mk3.6.0,Climate Explorer,LOCA
CNRM-CERFACS,France,CNRM-CM5,Climate Explorer,LOCA
CSIRO-QCCCE,Australia,CSIRO-Mk3.6.0,Climate Explorer,LOCA
CCCma,Canada,CanESM2,Climate Explorer,LOCA
EC-EARTH,Europe,EC-EARTH,Climate Explorer,LOCA
LASG-CESS,China,FGOALS-g2,Climate Explorer,LOCA
NOAA,USA,GFDL-CM3,Climate Explorer,LOCA
NOAA,USA,GFDL-ESM2G,Climate Explorer,LOCA
NOAA,USA,GFDL-ESM2M,Climate Explorer,LOCA
NASA,USA,GISS-E2-H,Climate Explorer,LOCA
NASA,USA,GISS-E2-R,Climate Explorer,LOCA
NIMR-KMA,Korea,HadGEM2-AO,Climate Explorer,Regrid
MOHC,UK,HadGEM2-CC,Climate Explorer,LOCA
MOHC,UK,HadGEM2-ES,Climate Explorer,LOCA
IPSL,France,IPSL-CM5A-LR,Climate Explorer,LOCA
IPSL,France,IPSL-CM5A-MR,Climate Explorer,LOCA
MIROC,Japan,MIROC-ESM,Climate Explorer,LOCA
MIROC,Japan,MIROC-ESM-CHEM,Climate Explorer,LOCA
MIROC,Japan,MIROC5,Climate Explorer,LOCA
MPI-M,Germany,MPI-ESM-LR,Climate Explorer,LOCA
MPI-M,Germany,MPI-ESM-MR,Climate Explorer,LOCA
MRI,Japan,MRI-CGCM3,Climate Explorer,LOCA
NCC,Norway,NorESM1-M,Climate Explorer,LOCA
NCC,Norway,NorESM1-M,Climate Explorer,LOCA
BCC,China,BCC-CSM1.1,Climate Explorer,LOCA
BCC,China,BCC-CSM1.1-m,Climate Explorer,LOCA
INM,Russia,INMCM4,Climate Explorer,LOCA
BCC,China,BCC-CSM1.1,USGS National Climate Change Viewer,MACA
BCC,China,BCC-CSM1.1-m,USGS National Climate Change Viewer,MACA
GCESS,China,BNU-ESM,USGS National Climate Change Viewer,MACA
CCCma,Canada,CanESM2,USGS National Climate Change Viewer,MACA
CCCma,Canada,CanESM2,USGS National Climate Change Viewer,MACA
NCAR,USA,CCSM4,USGS National Climate Change Viewer,MACA
CNRM-CERFACS,France,CNRM-CM5,USGS National Climate Change Viewer,MACA
CSIRO-QCCCE,Australia,CSIRO-Mk3.6.0,USGS National Climate Change Viewer,MACA
NOAA,USA,GFDL-ESM2G,USGS National Climate Change Viewer,MACA
NOAA,USA,GFDL-ESM2M,USGS National Climate Change Viewer,MACA
MOHC,UK,HadGEM2-CC,USGS National Climate Change Viewer,MACA
MOHC,UK,HadGEM2-CC,USGS National Climate Change Viewer,MACA
MOHC,UK,HadGEM2-ES,USGS National Climate Change Viewer,MACA
MOHC,UK,HadGEM2-ES,USGS National Climate Change Viewer,MACA
INM,Russia,INMCM4,USGS National Climate Change Viewer,MACA
IPSL,France,IPSL-CM5A-LR,USGS National Climate Change Viewer,MACA
IPSL,France,IPSL-CM5A-MR,USGS National Climate Change Viewer,MACA
IPSL,France,IPSL-CM5B-LR,USGS National Climate Change Viewer,MACA
MIROC,Japan,MIROC5,USGS National Climate Change Viewer,MACA
MIROC,Japan,MIROC-ESM,USGS National Climate Change Viewer,MACA
MIROC,Japan,MIROC-ESM-CHEM,USGS National Climate Change Viewer,MACA
MRI,Japan,MRI-CGCM3,USGS National Climate Change Viewer,MACA
NCC,Norway,NorESM1-M,USGS National Climate Change Viewer,MACA
NCC,Norway,NorESM1-M,USGS National Climate Change Viewer,MACA
CSIRO-BOM,Australia,ACCESS1.0,NOAA Climate Change Web Portal,Regrid
CSIRO-BOM,Australia,ACCESS1.3,NOAA Climate Change Web Portal,Regrid
BCC,China,BCC-CSM1.1-m,NOAA Climate Change Web Portal,Regrid
BCC,China,BCC-CSM1.1,NOAA Climate Change Web Portal,Regrid
GCESS,China,BNU-ESM,NOAA Climate Change Web Portal,Regrid
CCCma,Canada,CanESM2,NOAA Climate Change Web Portal,Regrid
CCCma,Canada,CanESM2,NOAA Climate Change Web Portal,Regrid
NCAR,USA,CCSM4,NOAA Climate Change Web Portal,Regrid
NCAR,USA,CESM1-BGC,NOAA Climate Change Web Portal,Regrid
NCAR,USA,CESM1-CAM5,NOAA Climate Change Web Portal,Regrid
CMCC,Italy,CMCC-CESM,NOAA Climate Change Web Portal,Regrid
CMCC,Italy,CMCC-CM,NOAA Climate Change Web Portal,Regrid
CNRM-CERFACS,France,CNRM-CM5,NOAA Climate Change Web Portal,Regrid
CSIRO-QCCCE,Australia,CSIRO-Mk3.6.0,NOAA Climate Change Web Portal,Regrid
EC-EARTH,Europe,EC-EARTH,NOAA Climate Change Web Portal,Regrid
LASG-CESS,China,FGOALS-g2,NOAA Climate Change Web Portal,Regrid
LASG-CESS,China,FGOALS-S2,NOAA Climate Change Web Portal,Regrid
FIO,China,FIO-ESM,NOAA Climate Change Web Portal,Regrid
NOAA,USA,GFDL-CM3,NOAA Climate Change Web Portal,Regrid
NOAA,USA,GFDL-ESM2G,NOAA Climate Change Web Portal,Regrid
NOAA,USA,GFDL-ESM2M,NOAA Climate Change Web Portal,Regrid
NASA,USA,GISS-E2-H,NOAA Climate Change Web Portal,Regrid
NASA,USA,GISS-E2-R,NOAA Climate Change Web Portal,Regrid
NIMR-KMA,Korea,HadGEM2-AO,NOAA Climate Change Web Portal,Regrid
MOHC,UK,HadGEM2-CC,NOAA Climate Change Web Portal,Regrid
MOHC,UK,HadGEM2-CC,NOAA Climate Change Web Portal,Regrid
MOHC,UK,HadGEM2-ES,NOAA Climate Change Web Portal,Regrid
MOHC,UK,HadGEM2-ES,NOAA Climate Change Web Portal,Regrid
INM,Russia,INMCM,NOAA Climate Change Web Portal,Regrid
IPSL,France,IPSL-CM5A-LR,NOAA Climate Change Web Portal,Regrid
IPSL,France,IPSL-CM5A-MR,NOAA Climate Change Web Portal,Regrid
IPSL,France,IPSL-CM5B-LR,NOAA Climate Change Web Portal,Regrid
MIROC,Japan,MIROC-ESM-CHEM,NOAA Climate Change Web Portal,Regrid
MIROC,Japan,MIROC-ESM,NOAA Climate Change Web Portal,Regrid
MIROC,Japan,MIROC5,NOAA Climate Change Web Portal,Regrid
MPI,Germany,MPI-ESM-LR,NOAA Climate Change Web Portal,Regrid
MPI,Germany,MPI-ESM-MR,NOAA Climate Change Web Portal,Regrid
MRI,Japan,MRI-CGCM3,NOAA Climate Change Web Portal,Regrid
NCC,Norway,NorESM1-ME,NOAA Climate Change Web Portal,Regrid
NCC,Norway,NorESM1-ME,NOAA Climate Change Web Portal,Regrid
NCC,Norway,NorESM1-M,NOAA Climate Change Web Portal,Regrid
NCC,Norway,NorESM1-M,NOAA Climate Change Web Portal,Regrid
CSIRO-BOM,Australia,ACCESS-CM2,NOAA Climate Change Web Portal: CMIP6,Regrid
CSIRO-BOM,Australia,ACCESS-ESM1-5,NOAA Climate Change Web Portal: CMIP6,Regrid
BCC,China,BCC-CSM2-MR,NOAA Climate Change Web Portal: CMIP6,Regrid
NCAR,USA,CESM2-WACCM,NOAA Climate Change Web Portal: CMIP6,Regrid
CCCma,Canada,CanESM5-CanOE,NOAA Climate Change Web Portal: CMIP6,Regrid
CCCma,Canada,CanESM5,NOAA Climate Change Web Portal: CMIP6,Regrid
CNRM-CERFACS,France,CNRM-CM6-1,NOAA Climate Change Web Portal: CMIP6,Regrid
EC-EARTH,Europe,EC-Earth3,NOAA Climate Change Web Portal: CMIP6,Regrid
EC-EARTH,Europe,EC-Earth3-Veg,NOAA Climate Change Web Portal: CMIP6,Regrid
CAS,China,FGOALS-f3-L,NOAA Climate Change Web Portal: CMIP6,Regrid
LASG-CESS,China,FGOALS-g3,NOAA Climate Change Web Portal: CMIP6,Regrid
MOHC,UK,HadGEM3-GC31-LL,NOAA Climate Change Web Portal: CMIP6,Regrid
INM-RAS,Russia,INMCM4-8,NOAA Climate Change Web Portal: CMIP6,Regrid
INM-RAS,Russia,INM-CM5-0,NOAA Climate Change Web Portal: CMIP6,Regrid
NIMS-KMA,Korea,KACE-1-0-G,NOAA Climate Change Web Portal: CMIP6,Regrid
UA,USA,MCM-UA-1-0,NOAA Climate Change Web Portal: CMIP6,Regrid
MIROC,Japan,MIROC-ES2L,NOAA Climate Change Web Portal: CMIP6,Regrid
MIROC,Japan,MIROC6,NOAA Climate Change Web Portal: CMIP6,Regrid
MRI,Japan,MRI-ESM2-0,NOAA Climate Change Web Portal: CMIP6,Regrid
MOHC,UK,UKESM1-0-LL,NOAA Climate Change Web Portal: CMIP6,Regrid
CSIRO-BOM,Australia,ACCESS1.0,CONUS Climate Console,MACA
CCCma,Canada,CanESM2,CONUS Climate Console,MACA
CCCma,Canada,CanESM2,CONUS Climate Console,MACA
NCAR,USA,CCSM4,CONUS Climate Console,MACA
NCAR,USA,CESM1-BGC,CONUS Climate Console,MACA
CMCC,Italy,CMCC-CM,CONUS Climate Console,MACA
CNRM-CERFACS,France,CNRM-CM5,CONUS Climate Console,MACA
NOAA,USA,GFDL-CM3,CONUS Climate Console,MACA
MOHC,UK,HadGEM2-CC,CONUS Climate Console,MACA
MOHC,UK,HadGEM2-CC,CONUS Climate Console,MACA
MOHC,UK,HadGEM2-ES,CONUS Climate Console,MACA
MOHC,UK,HadGEM2-ES,CONUS Climate Console,MACA
MIROC,Japan,MIROC5,CONUS Climate Console,MACA
MPI,Germany,ECHAM5,Pacific Northwest Climate Projection Tool,Dynamical Downscaling
NCAR,USA,CCSM3,Pacific Northwest Climate Projection Tool,Dynamical Downscaling
NCAR,USA,CCSM4,Pacific Northwest Climate Projection Tool,Dynamical Downscaling
CSIRO-BOM,Australia,ACCESS1.0,Pacific Northwest Climate Projection Tool,Dynamical Downscaling
CSIRO-BOM,Australia,ACCESS1.3,Pacific Northwest Climate Projection Tool,Dynamical Downscaling
BCC,China,BCC-CSM1.1,Pacific Northwest Climate Projection Tool,Dynamical Downscaling
CCCma,Canada,CanESM2,Pacific Northwest Climate Projection Tool,Dynamical Downscaling
CCCma,Canada,CanESM2,Pacific Northwest Climate Projection Tool,Dynamical Downscaling
CSIRO-QCCCE,Australia,CSIRO-Mk3.6.0,Pacific Northwest Climate Projection Tool,Dynamical Downscaling
LASG-CESS,China,FGOALS-g2,Pacific Northwest Climate Projection Tool,Dynamical Downscaling
NOAA,USA,GFDL-CM3,Pacific Northwest Climate Projection Tool,Dynamical Downscaling
NASA,USA,GISS-E2-H,Pacific Northwest Climate Projection Tool,Dynamical Downscaling
MIROC,Japan,MIROC5,Pacific Northwest Climate Projection Tool,Dynamical Downscaling
MRI,Japan,MRI-CGCM3,Pacific Northwest Climate Projection Tool,Dynamical Downscaling
NCC,Norway,NorESM1-M,Pacific Northwest Climate Projection Tool,Dynamical Downscaling
NCC,Norway,NorESM1-M,Pacific Northwest Climate Projection Tool,Dynamical Downscaling
CCCma,Canada,CanESM2,AdaptWest Watershed Climate Data Explorer,Dynamical Downscaling
CCCma,Canada,CanESM2,AdaptWest Watershed Climate Data Explorer,Dynamical Downscaling
CSIRO-BOM,Australia,ACCESS1.0,AdaptWest Watershed Climate Data Explorer,Dynamical Downscaling
IPSL,France,IPSL-CM5A-MR,AdaptWest Watershed Climate Data Explorer,Dynamical Downscaling
MIROC,Japan,MIROC5,AdaptWest Watershed Climate Data Explorer,Dynamical Downscaling
MPI-M,Germany,MPI-ESM-LR,AdaptWest Watershed Climate Data Explorer,Dynamical Downscaling
NCAR,USA,CCSM4,AdaptWest Watershed Climate Data Explorer,Dynamical Downscaling
MOHC,UK,HadGEM2-ES,AdaptWest Watershed Climate Data Explorer,Dynamical Downscaling
MOHC,UK,HadGEM2-ES,AdaptWest Watershed Climate Data Explorer,Dynamical Downscaling
CNRM-CERFACS,France,CNRM-CM5,AdaptWest Watershed Climate Data Explorer,Dynamical Downscaling
CSIRO-QCCCE,Australia,CSIRO-Mk3.6.0,AdaptWest Watershed Climate Data Explorer,Dynamical Downscaling
NOAA,USA,GFDL-CM3,AdaptWest Watershed Climate Data Explorer,Dynamical Downscaling
INM,Russia,INMCM4,AdaptWest Watershed Climate Data Explorer,Dynamical Downscaling
MRI,Japan,MRI-CGCM3,AdaptWest Watershed Climate Data Explorer,Dynamical Downscaling
MIROC,Japan,MIROC-ESM,AdaptWest Watershed Climate Data Explorer,Dynamical Downscaling
NCAR,USA,CESM1-CAM5,AdaptWest Watershed Climate Data Explorer,Dynamical Downscaling
NASA,USA,GISS-E2R,AdaptWest Watershed Climate Data Explorer,Dynamical Downscaling
USGS,USA,CoSMos,Cal-Adapt Climate Tools,LOCA
UCBerkeley,USA,CalFloD3D-TFS,Cal-Adapt Climate Tools,LOCA
CCCma,Canada,CanESM2,Cal-Adapt Climate Tools,LOCA
CCCma,Canada,CanESM2,Cal-Adapt Climate Tools,LOCA
CNRM-CERFACS,France,CNRM-CM5,Cal-Adapt Climate Tools,LOCA
MOHC,UK,HadGEM2-ES,Cal-Adapt Climate Tools,LOCA
MOHC,UK,HadGEM2-ES,Cal-Adapt Climate Tools,LOCA
MIROC,Japan,MIROC5,Cal-Adapt Climate Tools,LOCA
CSIRO-BOM,Australia,ACCESS1.0,EPA CREAT,Regrid
CSIRO-BOM,Australia,ACCESS1.3,EPA CREAT,Regrid
BCC,China,BCC-CSM1.1,EPA CREAT,Regrid
BCC,China,BCC-CSM1.1-m,EPA CREAT,Regrid
GCESS,China,BNU-ESM,EPA CREAT,Regrid
CCCma,Canada,CanESM2,EPA CREAT,Regrid
NCAR,USA,CCSM4,EPA CREAT,Regrid
NCAR,USA,CESM1-BGC,EPA CREAT,Regrid
NCAR,USA,CESM1-CAM5,EPA CREAT,Regrid
CMCC,Italy,CMCC-CM,EPA CREAT,Regrid
CMCC,Italy,CMCC-CMS,EPA CREAT,Regrid
CNRM-CERFACS,France,CNRM-CM5,EPA CREAT,Regrid
CSIRO-QCCCE,Australia,CSIRO-Mk3.6.0,EPA CREAT,Regrid
EC-EARTH,Europe,EC-EARTH,EPA CREAT,Regrid
LASG-CESS,China,FGOALS-G2,EPA CREAT,Regrid
LASG-CESS,China,FGOALS-S2,EPA CREAT,Regrid
NOAA,USA,GFDL-CM3,EPA CREAT,Regrid
NOAA,USA,GFDL-ESM2G,EPA CREAT,Regrid
NOAA,USA,GFDL-ESM2M,EPA CREAT,Regrid
NASA,USA,GISS-E2-H,EPA CREAT,Regrid
NASA,USA,GISS-E2-H-CC,EPA CREAT,Regrid
NASA,USA,GISS-E2-R,EPA CREAT,Regrid
NASA,USA,GISS-E2-R-CC,EPA CREAT,Regrid
NIMR-KMA,Korea,HadGEM2-AO,EPA CREAT,Regrid
MOHC,UK,HadGEM2-CC,EPA CREAT,Regrid
MOHC,UK,HadGEM2-ES,EPA CREAT,Regrid
INM,Russia,INMCM4,EPA CREAT,Regrid
IPSL,France,IPSL-CM5A-LR,EPA CREAT,Regrid
IPSL,France,IPSL-CM5A-MR,EPA CREAT,Regrid
IPSL,France,IPSL-CM5B-LR,EPA CREAT,Regrid
MIROC,Japan,MIROC-ESM,EPA CREAT,Regrid
MIROC,Japan,MIROC-ESM-CHEM,EPA CREAT,Regrid
MIROC,Japan,MIROC5,EPA CREAT,Regrid
MPI-M,Germany,MPI-ESM-LR,EPA CREAT,Regrid
MPI-M,Germany,MPI-ESM-MR,EPA CREAT,Regrid
MRI,Japan,MRI-CGCM3,EPA CREAT,Regrid
NCC,Norway,NorESM1-M,EPA CREAT,Regrid
NCC,Norway,NorESM1-ME,EPA CREAT,Regrid
BCC,China,BCC-CSM1.1,MACA Download Tools,MACA
BCC,China,BCC-CSM1.1-m,MACA Download Tools,MACA
GCESS,China,BNU-ESM,MACA Download Tools,MACA
CCCma,Canada,CanESM2,MACA Download Tools,MACA
CCCma,Canada,CanESM2,MACA Download Tools,MACA
NCAR,USA,CCSM4,MACA Download Tools,MACA
CNRM-CERFACS,France,CNRM-CM5,MACA Download Tools,MACA
CSIRO-QCCCE,Australia,CSIRO-Mk3.6.0,MACA Download Tools,MACA
NOAA,USA,GFDL-ESM2M,MACA Download Tools,MACA
NOAA,USA,GFDL-ESM2G,MACA Download Tools,MACA
MOHC,UK,HadGEM2-ES,MACA Download Tools,MACA
MOHC,UK,HadGEM2-ES,MACA Download Tools,MACA
MOHC,UK,HadGEM2-CC,MACA Download Tools,MACA
MOHC,UK,HadGEM2-CC,MACA Download Tools,MACA
INM,Russia,INMCM4,MACA Download Tools,MACA
IPSL,France,IPSL-CM5A-LR,MACA Download Tools,MACA
IPSL,France,IPSL-CM5A-MR,MACA Download Tools,MACA
IPSL,France,IPSL-CM5B-LR,MACA Download Tools,MACA
MIROC,Japan,MIROC5,MACA Download Tools,MACA
MIROC,Japan,MIROC-ESM,MACA Download Tools,MACA
MIROC,Japan,MIROC-ESM-CHEM,MACA Download Tools,MACA
MRI,Japan,MRI-CGCM3,MACA Download Tools,MACA
NCC,Norway,NorESM1-M,MACA Download Tools,MACA
NCC,Norway,NorESM1-M,MACA Download Tools,MACA
NOAA,USA,GFDL-ESM2G,Climate Impact Map,BCSD
FIO,China,FIO-ESM,Climate Impact Map,BCSD
NASA,USA,GISS-E2-R,Climate Impact Map,BCSD
LASG-CESS,China,FGOALS-g2,Climate Impact Map,BCSD
MPI-M,Germany,MPI-ESM-LR,Climate Impact Map,BCSD
MPI-M,Germany,MPI-ESM-MR,Climate Impact Map,BCSD
BCC,China,BCC-CSM1.1,Climate Impact Map,BCSD
NCC,Norway,NorESM1-M,Climate Impact Map,BCSD
NCC,Norway,NorESM1-M,Climate Impact Map,BCSD
NCAR,USA,CCSM4,Climate Impact Map,BCSD
NCC,Norway,NorESM1-ME,Climate Impact Map,BCSD
NCC,Norway,NorESM1-ME,Climate Impact Map,BCSD
MRI,Japan,MRI-CGCM3,Climate Impact Map,BCSD
MIROC,Japan,MIROC5,Climate Impact Map,BCSD
IPSL,France,IPSL-CM5A-MR,Climate Impact Map,BCSD
NIMR-KMA,Korea,HadGEM2-AO,Climate Impact Map,Regrid
GCESS,China,BNU-ESM,Climate Impact Map,BCSD
IPSL,France,IPSL-CM5A-LR,Climate Impact Map,BCSD
MOHC,UK,HadGEM2-ES,Climate Impact Map,BCSD
NCAR,USA,CESM1-CAM5,Climate Impact Map,BCSD
CSIRO-QCCCE,Australia,CSIRO-Mk3.6.0,Climate Impact Map,BCSD
CCCma,Canada,CanESM2,Climate Impact Map,BCSD
CCCma,Canada,CanESM2,Climate Impact Map,BCSD
MIROC,Japan,MIROC-ESM-CHEM,Climate Impact Map,BCSD
MIROC,Japan,MIROC-ESM,Climate Impact Map,BCSD
NOAA,USA,GFDL CM3,Climate Impact Map,BCSD
NOAA,USA,GFDL CM3,Climate Impact Map,BCSD
NCAR,USA,GFDL CM3,Climate Impact Map,BCSD
MOHC,UK,HadGEM2-ES,Climate Impact Map,BCSD
MOHC,UK,HadGEM2-ES,Climate Impact Map,BCSD
BCC,China,BCC-CSM1.1,Climate Toolbox,MACA
BCC,China,BCC-CSM1.1-m,Climate Toolbox,MACA
GCESS,China,BNU-ESM,Climate Toolbox,MACA
CCCma,Canada,CanESM2,Climate Toolbox,MACA
CCCma,Canada,CanESM2,Climate Toolbox,MACA
NCAR,USA,CCSM4,Climate Toolbox,MACA
CNRM-CERFACS,France,CNRM-CM5,Climate Toolbox,MACA
CSIRO-QCCCE,Australia,CSIRO-Mk3.6.0,Climate Toolbox,MACA
NOAA,USA,GFDL-ESM2G,Climate Toolbox,MACA
NOAA,USA,GFDL-ESM2M,Climate Toolbox,MACA
MOHC,UK,HadGEM2-CC365,Climate Toolbox,MACA
MOHC,UK,HadGEM2-ES365,Climate Toolbox,MACA
INM,Russia,INMCM4,Climate Toolbox,MACA
IPSL,France,IPSL-CM5A-LR,Climate Toolbox,MACA
IPSL,France,IPSL-CM5A-MR,Climate Toolbox,MACA
IPSL,France,IPSL-CM5B-LR,Climate Toolbox,MACA
MIROC,Japan,MIROC5,Climate Toolbox,MACA
MIROC,Japan,MIROC-ESM,Climate Toolbox,MACA
MIROC,Japan,MIROC-ESM-CHEM,Climate Toolbox,MACA
MRI,Japan,MRI-CGCM3,Climate Toolbox,MACA
NCC,Norway,NorESM1-M,Climate Toolbox,MACA
NCC,Norway,NorESM1-M,Climate Toolbox,MACA
CSIRO-BOM,Australia,ACCESS-CM2,IPCC AR6 Interactive Atlas,Regrid
CSIRO-BOM,Australia,ACCESS-ESM1-5,IPCC AR6 Interactive Atlas,Regrid
AWI,Germany,AWI-CM-1-1-MR,IPCC AR6 Interactive Atlas,Regrid
BCC,China,BCC-CSM2-MR,IPCC AR6 Interactive Atlas,Regrid
CAMS,China,CAMS-CSM1-0,IPCC AR6 Interactive Atlas,Regrid
CCCma,Canada,CanESM5,IPCC AR6 Interactive Atlas,Regrid
NCAR,USA,CESM2,IPCC AR6 Interactive Atlas,Regrid
NCAR,USA,CESM2-WACCM,IPCC AR6 Interactive Atlas,Regrid
CMCC,Italy,CMCC-CM2-SR5,IPCC AR6 Interactive Atlas,Regrid
CNRM-CERFACS,France,CNRM-CM6-1,IPCC AR6 Interactive Atlas,Regrid
CNRM-CERFACS,France,CNRM-CM6-1-HR,IPCC AR6 Interactive Atlas,Regrid
CNRM-CERFACS,France,CNRM-ESM2-1,IPCC AR6 Interactive Atlas,Regrid
EC-EARTH,Europe,EC-Earth3,IPCC AR6 Interactive Atlas,Regrid
EC-EARTH,Europe,EC-Earth3-Veg,IPCC AR6 Interactive Atlas,Regrid
LASG IAP,China,FGOALS-g3,IPCC AR6 Interactive Atlas,Regrid
NOAA,USA,GFDL-CM4,IPCC AR6 Interactive Atlas,Regrid
NOAA,USA,GFDL-ESM4,IPCC AR6 Interactive Atlas,Regrid
MOHC,UK,HadGEM3-GC31-LL,IPCC AR6 Interactive Atlas,Regrid
CCCR-IITM,India,IITM-ESM,IPCC AR6 Interactive Atlas,Regrid
INM-RAS,Russia,INMCM4-8,IPCC AR6 Interactive Atlas,Regrid
INM-RAS,Russia,INM-CM5-0,IPCC AR6 Interactive Atlas,Regrid
IPSL,France,IPSL-CM6A-LR,IPCC AR6 Interactive Atlas,Regrid
NIMS-KMA,Korea,KACE-1-0-G,IPCC AR6 Interactive Atlas,Regrid
KIOST,Korea,KIOST-ESM,IPCC AR6 Interactive Atlas,Regrid
MIROC,Japan,MIROC-ES2L,IPCC AR6 Interactive Atlas,Regrid
MIROC,Japan,MIROC6,IPCC AR6 Interactive Atlas,Regrid
HAMMOZ,China,MPI-ESM-1-2-HAM,IPCC AR6 Interactive Atlas,Regrid
HAMMOZ,China,MPI-ESM1-2-HR,IPCC AR6 Interactive Atlas,Regrid
HAMMOZ,China,MPI-ESM1-2-LR,IPCC AR6 Interactive Atlas,Regrid
MRI,Japan,MRI-ESM2-0,IPCC AR6 Interactive Atlas,Regrid
NUIST,China,NESM3,IPCC AR6 Interactive Atlas,Regrid
NCC,Norway,NorESM2-LM,IPCC AR6 Interactive Atlas,Regrid
NCC,Norway,NorESM2-MM,IPCC AR6 Interactive Atlas,Regrid
AS-RCEC,China,TaiESM1,IPCC AR6 Interactive Atlas,Regrid
MOHC,UK,UKESM1-0-LL,IPCC AR6 Interactive Atlas,Regrid
CNRM-CERFACS,France,CNRM-CM5,IPCC AR6 Interactive Atlas,Regrid
CSIRO-QCCCE,Australia,CSIRO-Mk3.6.0,IPCC AR6 Interactive Atlas,Regrid
CCCma,Canada,CanESM2,IPCC AR6 Interactive Atlas,Regrid
CCCma,Canada,CanESM2,IPCC AR6 Interactive Atlas,Regrid
EC-EARTH,Europe,EC-EARTH,IPCC AR6 Interactive Atlas,Regrid
LASG-CESS,China,FGOALS-g2,IPCC AR6 Interactive Atlas,Regrid
NOAA,USA,GFDL-CM3,IPCC AR6 Interactive Atlas,Regrid
NOAA,USA,GFDL-ESM2G,IPCC AR6 Interactive Atlas,Regrid
NOAA,USA,GFDL-ESM2M,IPCC AR6 Interactive Atlas,Regrid
MOHC,UK,HadGEM2-CC,IPCC AR6 Interactive Atlas,Regrid
MOHC,UK,HadGEM2-CC,IPCC AR6 Interactive Atlas,Regrid
MOHC,UK,HadGEM2-ES,IPCC AR6 Interactive Atlas,Regrid
MOHC,UK,HadGEM2-ES,IPCC AR6 Interactive Atlas,Regrid
IPSL,France,IPSL-CM5A-LR,IPCC AR6 Interactive Atlas,Regrid
IPSL,France,IPSL-CM5A-MR,IPCC AR6 Interactive Atlas,Regrid
IPSL,France,IPSL-CM5B-LR,IPCC AR6 Interactive Atlas,Regrid
MIROC,Japan,MIROC-ESM-CHEM,IPCC AR6 Interactive Atlas,Regrid
MIROC,Japan,MIROC-ESM,IPCC AR6 Interactive Atlas,Regrid
MIROC,Japan,MIROC5,IPCC AR6 Interactive Atlas,Regrid
MPI-M,Germany,MPI-ESM-LR,IPCC AR6 Interactive Atlas,Regrid
MPI-M,Germany,MPI-ESM-MR,IPCC AR6 Interactive Atlas,Regrid
MRI,Japan,MRI-CGCM3,IPCC AR6 Interactive Atlas,Regrid
NCC,Norway,NorESM1-M,IPCC AR6 Interactive Atlas,Regrid
NCC,Norway,NorESM1-M,IPCC AR6 Interactive Atlas,Regrid
BCC,China,BCC-CSM1.1-m,IPCC AR6 Interactive Atlas,Regrid
BCC,China,BCC-CSM1.1,IPCC AR6 Interactive Atlas,Regrid
INM,Russia,INMCM4,IPCC AR6 Interactive Atlas,Regrid
BCC,China,BCC-CSM1.1,GDO-DCHP,LOCA
BCC,China,BCC-CSM1.1,GDO-DCHP,BCCA
BCC,China,BCC-CSM1.1,GDO-DCHP,Regrid
BCC,China,BCC-CSM1.1-m,GDO-DCHP,BCSD
BCC,China,BCC-CSM1.1-m,GDO-DCHP,Regrid
CCCma,Canada,CanESM2,GDO-DCHP,LOCA
CCCma,Canada,CanESM2,GDO-DCHP,BCCA
CCCma,Canada,CanESM2,GDO-DCHP,Regrid
CMCC,Italy,CMCC-CM,GDO-DCHP,BCSD
CMCC,Italy,CMCC-CM,GDO-DCHP,Regrid
CNRM-CERFACS,France,CNRM-CM5,GDO-DCHP,LOCA
CNRM-CERFACS,France,CNRM-CM5,GDO-DCHP,BCSD
CNRM-CERFACS,France,CNRM-CM5,GDO-DCHP,BCCA
CNRM-CERFACS,France,CNRM-CM5,GDO-DCHP,Regrid
CSIRO-BOM,Australia,ACCESS1.0,GDO-DCHP,LOCA
CSIRO-BOM,Australia,ACCESS1.0,GDO-DCHP,BCCA
CSIRO-BOM,Australia,ACCESS1.0,GDO-DCHP,Regrid
CSIRO-BOM,Australia,ACCESS1.3,GDO-DCHP,BCSD
CSIRO-BOM,Australia,ACCESS1.3,GDO-DCHP,Regrid
CSIRO-QCCCE,Australia,CSIRO-Mk3.6.0,GDO-DCHP,LOCA
CSIRO-QCCCE,Australia,CSIRO-Mk3.6.0,GDO-DCHP,BCCA
CSIRO-QCCCE,Australia,CSIRO-Mk3.6.0,GDO-DCHP,Regrid
EC-EARTH,Europe,EC-EARTH,GDO-DCHP,BCSD
EC-EARTH,Europe,EC-EARTH,GDO-DCHP,Regrid
FIO,China,FIO-ESM,GDO-DCHP,BCSD
FIO,China,FIO-ESM,GDO-DCHP,Regrid
GCESS,China,BNU-ESM,GDO-DCHP,BCSD
GCESS,China,BNU-ESM,GDO-DCHP,BCCA
GCESS,China,BNU-ESM,GDO-DCHP,Regrid
INM,Russia,INMCM4,GDO-DCHP,LOCA
INM,Russia,INMCM4,GDO-DCHP,BCCA
INM,Russia,INMCM4,GDO-DCHP,Regrid
IPSL,France,IPSL-CM5A-LR,GDO-DCHP,BCCA
IPSL,France,IPSL-CM5A-LR,GDO-DCHP,Regrid
IPSL,France,IPSL-CM5A-MR,GDO-DCHP,LOCA
IPSL,France,IPSL-CM5A-MR,GDO-DCHP,BCCA
IPSL,France,IPSL-CM5A-MR,GDO-DCHP,Regrid
IPSL,France,IPSL-CM5B-LR,GDO-DCHP,BCSD
IPSL,France,IPSL-CM5B-LR,GDO-DCHP,Regrid
LASG-CESS,China,FGOALS-g2,GDO-DCHP,BCSD
LASG-CESS,China,FGOALS-g2,GDO-DCHP,Regrid
LASG-CESS,China,FGOALS-s2,GDO-DCHP,BCSD
LASG-CESS,China,FGOALS-s2,GDO-DCHP,Regrid
MIROC,Japan,MIROC5,GDO-DCHP,LOCA
MIROC,Japan,MIROC5,GDO-DCHP,BCCA
MIROC,Japan,MIROC5,GDO-DCHP,Regrid
MIROC,Japan,MIROC-ESM,GDO-DCHP,LOCA
MIROC,Japan,MIROC-ESM,GDO-DCHP,BCCA
MIROC,Japan,MIROC-ESM,GDO-DCHP,Regrid
MIROC,Japan,MIROC-ESM-CHEM,GDO-DCHP,LOCA
MIROC,Japan,MIROC-ESM-CHEM,GDO-DCHP,BCCA
MIROC,Japan,MIROC-ESM-CHEM,GDO-DCHP,Regrid
MOHC,UK,HadGEM2-AO,GDO-DCHP,Regrid
MOHC,UK,HadGEM2-AO,GDO-DCHP,Regrid
MOHC,UK,HadGEM2-CC,GDO-DCHP,BCSD
MOHC,UK,HadGEM2-CC,GDO-DCHP,Regrid
MOHC,UK,HadGEM2-ES,GDO-DCHP,BCSD
MOHC,UK,HadGEM2-ES,GDO-DCHP,Regrid
MPI-M,Germany,MPI-ESM-LR,GDO-DCHP,LOCA
MPI-M,Germany,MPI-ESM-LR,GDO-DCHP,BCCA
MPI-M,Germany,MPI-ESM-LR,GDO-DCHP,Regrid
MPI-M,Germany,MPI-ESM-MR,GDO-DCHP,LOCA
MPI-M,Germany,MPI-ESM-MR,GDO-DCHP,BCCA
MPI-M,Germany,MPI-ESM-MR,GDO-DCHP,Regrid
MRI,Japan,MRI-CGCM3,GDO-DCHP,LOCA
MRI,Japan,MRI-CGCM3,GDO-DCHP,BCCA
MRI,Japan,MRI-CGCM3,GDO-DCHP,Regrid
NASA,USA,GISS-E2-H-CC,GDO-DCHP,BCSD
NASA,USA,GISS-E2-H-CC,GDO-DCHP,Regrid
NASA,USA,GISS-E2-E,GDO-DCHP,BCSD
NASA,USA,GISS-E2-E,GDO-DCHP,Regrid
NASA,USA,GISS-E2-R-CC,GDO-DCHP,BCSD
NASA,USA,GISS-E2-R-CC,GDO-DCHP,Regrid
NCAR,USA,CCSM4,GDO-DCHP,BCSD
NCAR,USA,CCSM4,GDO-DCHP,BCCA
NCAR,USA,CCSM4,GDO-DCHP,Regrid
NCC,Norway,NorESM1-M,GDO-DCHP,LOCA
NCC,Norway,NorESM1-M,GDO-DCHP,BCCA
NCC,Norway,NorESM1-M,GDO-DCHP,Regrid
NCC,Norway,NorESM1-ME,GDO-DCHP,BCSD
NCC,Norway,NorESM1-ME,GDO-DCHP,Regrid
NOAA,USA,GFDL-CM3,GDO-DCHP,LOCA
NOAA,USA,GFDL-CM3,GDO-DCHP,BCCA
NOAA,USA,GFDL-CM3,GDO-DCHP,Regrid
NOAA,USA,GFDL-ESM2G,GDO-DCHP,LOCA
NOAA,USA,GFDL-ESM2G,GDO-DCHP,BCCA
NOAA,USA,GFDL-ESM2G,GDO-DCHP,Regrid
NOAA,USA,GFDL-ESM2M,GDO-DCHP,LOCA
NOAA,USA,GFDL-ESM2M,GDO-DCHP,BCCA
NOAA,USA,GFDL-ESM2M,GDO-DCHP,Regrid
NCAR,USA,CESM1-BGC,GDO-DCHP,LOCA
NCAR,USA,CESM1-BGC,GDO-DCHP,BCCA
NCAR,USA,CESM1-BGC,GDO-DCHP,Regrid
NCAR,USA,CESM1-CAM5,GDO-DCHP,BCSD
NCAR,USA,CESM1-CAM5,GDO-DCHP,Regrid
BCCR,Norway,BCCR-BCM2.0,GDO-DCHP,BCSD
CCCma,Canada,CGCM3.1,GDO-DCHP,BCCA
CCCma,Canada,CGCM3.1,GDO-DCHP,BCSD
CNRM,France,CNRM-CM3,GDO-DCHP,BCCA
CSIRO-AR,Australia,CSIRO-Mk3.0,GDO-DCHP,BCSD
NOAA,USA,GFDL-CM2.0,GDO-DCHP,BCCA
NOAA,USA,GFDL-CM2.1,GDO-DCHP,BCCA
NASA,USA,GISS-ER,GDO-DCHP,BCSD
INM,Russia,INM-CM3.0,GDO-DCHP,BCSD
IPSL,France,IPSL-CM4,GDO-DCHP,BCCA
CCSR,Japan,MIROC3.1,GDO-DCHP,BCSD
CCSR,Japan,MIROC3.2,GDO-DCHP,BCCA
MIUB-MRI,Germany,ECHO-G,GDO-DCHP,BCCA
MPI-M,Germany,ECHAM5/MPI-OM,GDO-DCHP,BCCA
MPI-M,Germany,ECHAM5/MPI-OM,GDO-DCHP,BCSD
MRI,Japan,MRI-CGCM2.3.2,GDO-DCHP,BCCA
NCAR,USA,CCSM3,GDO-DCHP,BCSD
NCAR,USA,PCM,GDO-DCHP,BCSD
HCCPR,UK,UKMO-HadCM3,GDO-DCHP,BCSD
BCC,China,BCC-CSM1.1,KNMI Climate Change Atlas,Regrid
BCC,China,BCC-CSM1.1-m,KNMI Climate Change Atlas,Regrid
CCCma,Canada,CanAM4,KNMI Climate Change Atlas,Regrid
CCCma,Canada,CanCM4,KNMI Climate Change Atlas,Regrid
CCCma,Canada,CanESM2,KNMI Climate Change Atlas,Regrid
CCCma,Canada,CanESM2,KNMI Climate Change Atlas,Regrid
CMCC,Italy,CMCC-CESM,KNMI Climate Change Atlas,Regrid
CMCC,Italy,CMCC-CM,KNMI Climate Change Atlas,Regrid
CMCC,Italy,CMCC-CMS,KNMI Climate Change Atlas,Regrid
CNRM-CERFACS,France,CNRM-CM5,KNMI Climate Change Atlas,Regrid
CNRM-CERFACS,France,CNRM-CM5-2,KNMI Climate Change Atlas,Regrid
NOAA,USA,CFSv2-2011,KNMI Climate Change Atlas,Regrid
NOAA,USA,CFSv2-2011,KNMI Climate Change Atlas,Regrid
CSIRO-BOM,Australia,ACCESS1.0,KNMI Climate Change Atlas,Regrid
CSIRO-BOM,Australia,ACCESS1.3,KNMI Climate Change Atlas,Regrid
CSIRO-QCCCE,Australia,CSIRO-Mk3.6.0,KNMI Climate Change Atlas,Regrid
EC-EARTH,Europe,EC-EARTH,KNMI Climate Change Atlas,Regrid
FIO,China,FIO-ESM,KNMI Climate Change Atlas,Regrid
GCESS,China,BNU-ESM,KNMI Climate Change Atlas,Regrid
INM,Russia,INMCM4,KNMI Climate Change Atlas,Regrid
IPSL,France,IPSL-CM5A-LR,KNMI Climate Change Atlas,Regrid
IPSL,France,IPSL-CM5A-MR,KNMI Climate Change Atlas,Regrid
IPSL,France,IPSL-CM5B-LR,KNMI Climate Change Atlas,Regrid
LASG-CESS,China,FGOALS-g2,KNMI Climate Change Atlas,Regrid
LASG-CESS,China,FGOALS-gl,KNMI Climate Change Atlas,Regrid
LASG-CESS,China,FGOALS-s2,KNMI Climate Change Atlas,Regrid
MIROC,Japan,MIROC4h,KNMI Climate Change Atlas,Regrid
MIROC,Japan,MIROC5,KNMI Climate Change Atlas,Regrid
MIROC,Japan,MIROC-ESM,KNMI Climate Change Atlas,Regrid
MIROC,Japan,MIROC-ESM-CHEM,KNMI Climate Change Atlas,Regrid
MOHC,UK,HadCM3,KNMI Climate Change Atlas,Regrid
MOHC,UK,HadCM3,KNMI Climate Change Atlas,Regrid
MOHC,UK,HadCM3Q,KNMI Climate Change Atlas,Regrid
MOHC,UK,HadGEM2-A,KNMI Climate Change Atlas,Regrid
MOHC,UK,HadGEM2-CC,KNMI Climate Change Atlas,Regrid
MOHC,UK,HadGEM2-CC,KNMI Climate Change Atlas,Regrid
MOHC,UK,HadGEM2-ES,KNMI Climate Change Atlas,Regrid
MOHC,UK,HadGEM2-ES,KNMI Climate Change Atlas,Regrid
MPI-M,Germany,MPI-ESM-LR,KNMI Climate Change Atlas,Regrid
MPI-M,Germany,MPI-ESM-MR,KNMI Climate Change Atlas,Regrid
MPI-M,Germany,MPI-ESM-P,KNMI Climate Change Atlas,Regrid
MRI,Japan,MRI-AGCM3.2H,KNMI Climate Change Atlas,Regrid
MRI,Japan,MRI-AGCM3.2S,KNMI Climate Change Atlas,Regrid
MRI,Japan,MRI-CGCM3,KNMI Climate Change Atlas,Regrid
MRI,Japan,MRI-ESM1,KNMI Climate Change Atlas,Regrid
NASA,USA,GISS-E2-H,KNMI Climate Change Atlas,Regrid
NASA,USA,GISS-E2-H-CC,KNMI Climate Change Atlas,Regrid
NASA,USA,GISS-E2-R,KNMI Climate Change Atlas,Regrid
NASA,USA,GISS-E2-R-CC,KNMI Climate Change Atlas,Regrid
NASA,USA,GEOS-5,KNMI Climate Change Atlas,Regrid
NCAR,USA,CCSM4,KNMI Climate Change Atlas,Regrid
NCC,Norway,NorESM1-M,KNMI Climate Change Atlas,Regrid
NCC,Norway,NorESM1-M,KNMI Climate Change Atlas,Regrid
NCC,Norway,NorESM1-ME,KNMI Climate Change Atlas,Regrid
NCC,Norway,NorESM1-ME,KNMI Climate Change Atlas,Regrid
JAMSTEC,Japan,NICAM.09,KNMI Climate Change Atlas,Regrid
NIMR-KMA,Korea,HadGEM2-AO,KNMI Climate Change Atlas,Regrid
NOAA,USA,GFDL-CM2.1,KNMI Climate Change Atlas,Regrid
NOAA,USA,GFDL-CM3,KNMI Climate Change Atlas,Regrid
NOAA,USA,GFDL-ESM2G,KNMI Climate Change Atlas,Regrid
NOAA,USA,GFDL-ESM2M,KNMI Climate Change Atlas,Regrid
NOAA,USA,GFDL-HIRAM-C180,KNMI Climate Change Atlas,Regrid
NOAA,USA,GFDL-HIRAM-C360,KNMI Climate Change Atlas,Regrid
NCAR,USA,CESM1-BGC,KNMI Climate Change Atlas,Regrid
NCAR,USA,CESM1-CAM5,KNMI Climate Change Atlas,Regrid
CSIRO-BOM,Australia,ACCESS-CM2,KNMI Climate Change Atlas,Regrid
CSIRO-BOM,Australia,ACCESS-ESM1-5,KNMI Climate Change Atlas,Regrid
BCC,China,BCC-CSM2-MR,KNMI Climate Change Atlas,Regrid
CCCma,Canada,CanESM5,KNMI Climate Change Atlas,Regrid
CNRM-CERFACS,France,CNRM-CM6-1,KNMI Climate Change Atlas,Regrid
CNRM-CERFACS,France,CNRM-ESM2-1,KNMI Climate Change Atlas,Regrid
EC-EARTH,Europe,EC-Earth3-Veg,KNMI Climate Change Atlas,Regrid
LASG IAP,China,FGOALS-g3,KNMI Climate Change Atlas,Regrid
NOAA,USA,GFDL-CM4,KNMI Climate Change Atlas,Regrid
NOAA,USA,GFDL-ESM4,KNMI Climate Change Atlas,Regrid
MOHC,UK,HadGEM3-GC31-LL,KNMI Climate Change Atlas,Regrid
INM-RAS,Russia,INMCM4-8,KNMI Climate Change Atlas,Regrid
INM-RAS,Russia,INM-CM5-0,KNMI Climate Change Atlas,Regrid
IPSL,France,IPSL-CM6A-LR,KNMI Climate Change Atlas,Regrid
MIROC,Japan,MIROC6,KNMI Climate Change Atlas,Regrid
MIROC,Japan,MIROC-ES2L,KNMI Climate Change Atlas,Regrid
MPI-M,Germany,MPI-ESM-1-2-HR,KNMI Climate Change Atlas,Regrid
MPI-M,Germany,MPI-ESM-1-2-LR,KNMI Climate Change Atlas,Regrid
MRI,Japan,MRI-ESM2-0,KNMI Climate Change Atlas,Regrid
NUIST,China,NESM3,KNMI Climate Change Atlas,Regrid
NCC,Norway,NorESM2-LM,KNMI Climate Change Atlas,Regrid
NCC,Norway,NorESM2-MM,KNMI Climate Change Atlas,Regrid
MOHC,UK,UKESM1-0-LL,KNMI Climate Change Atlas,Regrid
