Institute,Country,Model,Portal,Downscaling,Generation
CSIRO-BOM,Australia,ACCESS1.0,Climate Explorer,LOCA,CMIP5
CSIRO-BOM,Australia,ACCESS1.3,Climate Explorer,LOCA,CMIP5
NCAR,USA,CCSM4,Climate Explorer,LOCA,CMIP5
NCAR,USA,CESM1(BGC),Climate Explorer,LOCA,CMIP5
NCAR,USA,CESM1(CAM5),Climate Explorer,LOCA,CMIP5
CMCC,Italy,CMCC-CM,Climate Explorer,LOCA,CMIP5
CMCC,Italy,CMCC-CMS,Climate Explorer,LOCA,CMIP5
CNRM-CERFACS,France,CNRM-CM5,Climate Explorer,LOCA,CMIP5
CSIRO-QCCCE,Australia,CSIRO-Mk3.6.0,Climate Explorer,LOCA,CMIP5
CCCma,Canada,CanESM2,Climate Explorer,LOCA,CMIP5
EC-EARTH,Consortium from Europe,EC-EARTH,Climate Explorer,LOCA,CMIP5
LASG-CESS,China,FGOALS-g2,Climate Explorer,LOCA,CMIP5
NOAA,USA,GFDL-CM3,Climate Explorer,LOCA,CMIP5
NOAA,USA,GFDL-ESM2G,Climate Explorer,LOCA,CMIP5
NOAA,USA,GFDL-ESM2M,Climate Explorer,LOCA,CMIP5
NASA,USA,GISS-E2-H,Climate Explorer,LOCA,CMIP5
NASA,USA,GISS-E2-R,Climate Explorer,LOCA,CMIP5
NIMR-KMA,Korea,HadGEM2-AO,Climate Explorer,LOCA,CMIP5
MOHC,UK,HadGEM2-CC,Climate Explorer,LOCA,CMIP5
MOHC,UK,HadGEM2-ES,Climate Explorer,LOCA,CMIP5
IPSL,France,IPSL-CM5A-LR,Climate Explorer,LOCA,CMIP5
IPSL,France,IPSL-CM5A-MR,Climate Explorer,LOCA,CMIP5
MIROC,Japan,MIROC-ESM,Climate Explorer,LOCA,CMIP5
MIROC,Japan,MIROC-ESM-CHEM,Climate Explorer,LOCA,CMIP5
MIROC,Japan,MIROC5,Climate Explorer,LOCA,CMIP5
MPI-M,Germany,MPI-ESM-LR,Climate Explorer,LOCA,CMIP5
MPI-M,Germany,MPI-ESM-MR,Climate Explorer,LOCA,CMIP5
MRI,Japan,MRI-CGCM3,Climate Explorer,LOCA,CMIP5
NCC,Norway,NorESM1-M,Climate Explorer,LOCA,CMIP5
BCC,China,BCC-CSM1.1,Climate Explorer,LOCA,CMIP5
BCC,China,BCC-CSM1.1(m),Climate Explorer,LOCA,CMIP5
INM,Russia,INM-CM4,Climate Explorer,LOCA,CMIP5
NCAR,USA,NCAR-CCSM4,Climate Explorer,LOCA,CMIP5
BCC,China,BCC-CSM1.1,USGS National Climate Change Viewer,MACA,CMIP5
BCC,China,BCC-CSM1.1(m),USGS National Climate Change Viewer,MACA,CMIP5
GCESS,China,BNU-ESM,USGS National Climate Change Viewer,MACA,CMIP5
CCCma,Canada,CanESM2,USGS National Climate Change Viewer,MACA,CMIP5
NCAR,USA,CCSM4,USGS National Climate Change Viewer,MACA,CMIP5
CNRM-CERFACS,France,CNRM-CM5,USGS National Climate Change Viewer,MACA,CMIP5
CSIRO-QCCCE,Australia,CSIRO-Mk3.6.0,USGS National Climate Change Viewer,MACA,CMIP5
NOAA,USA,GFDL-ESM2G,USGS National Climate Change Viewer,MACA,CMIP5
NOAA,USA,GFDL-ESM2M,USGS National Climate Change Viewer,MACA,CMIP5
MOHC,UK,HadGEM2-CC,USGS National Climate Change Viewer,MACA,CMIP5
MOHC,UK,HadGEM2-ES,USGS National Climate Change Viewer,MACA,CMIP5
INM,Russia,INM-CM4,USGS National Climate Change Viewer,MACA,CMIP5
IPSL,France,IPSL-CM5A-LR,USGS National Climate Change Viewer,MACA,CMIP5
IPSL,France,IPSL-CM5A-MR,USGS National Climate Change Viewer,MACA,CMIP5
IPSL,France,IPSL-CM5B-LR,USGS National Climate Change Viewer,MACA,CMIP5
MIROC,Japan,MIROC5,USGS National Climate Change Viewer,MACA,CMIP5
MIROC,Japan,MIROC-ESM,USGS National Climate Change Viewer,MACA,CMIP5
MIROC,Japan,MIROC-ESM-CHEM,USGS National Climate Change Viewer,MACA,CMIP5
MRI,Japan,MRI-CGCM3,USGS National Climate Change Viewer,MACA,CMIP5
NCC,Norway,NorESM1-M,USGS National Climate Change Viewer,MACA,CMIP5
CSIRO-BOM,Australia,ACCESS1.0,NOAA Climate Change Web Portal,Regrid,CMIP5
CSIRO-BOM,Australia,ACCESS1.3,NOAA Climate Change Web Portal,Regrid,CMIP5
BCC,China,BCC-CSM1.1(m),NOAA Climate Change Web Portal,Regrid,CMIP5
BCC,China,BCC-CSM1.1,NOAA Climate Change Web Portal,Regrid,CMIP5
GCESS,China,BNU-ESM,NOAA Climate Change Web Portal,Regrid,CMIP5
CCCma,Canada,CanESM2,NOAA Climate Change Web Portal,Regrid,CMIP5
CCCma,Canada,CanESM2,NOAA Climate Change Web Portal,Regrid,CMIP5
NCAR,USA,CCSM4,NOAA Climate Change Web Portal,Regrid,CMIP5
NCAR,USA,CESM1(BGC),NOAA Climate Change Web Portal,Regrid,CMIP5
NCAR,USA,CESM1(CAM5),NOAA Climate Change Web Portal,Regrid,CMIP5
CMCC,Italy,CMCC-CESM,NOAA Climate Change Web Portal,Regrid,CMIP5
CMCC,Italy,CMCC-CM,NOAA Climate Change Web Portal,Regrid,CMIP5
CNRM-CERFACS,France,CNRM-CM5,NOAA Climate Change Web Portal,Regrid,CMIP5
CSIRO-QCCCE,Australia,CSIRO-Mk3.6.0,NOAA Climate Change Web Portal,Regrid,CMIP5
EC-EARTH,Consortium from Europe,EC-EARTH,NOAA Climate Change Web Portal,Regrid,CMIP5
LASG-CESS,China,FGOALS-g2,NOAA Climate Change Web Portal,Regrid,CMIP5
LASG-CESS,China,FGOALS-S2,NOAA Climate Change Web Portal,Regrid,CMIP5
FIO,China,FIO-ESM,NOAA Climate Change Web Portal,Regrid,CMIP5
NOAA,USA,GFDL-CM3,NOAA Climate Change Web Portal,Regrid,CMIP5
NOAA,USA,GFDL-ESM2G,NOAA Climate Change Web Portal,Regrid,CMIP5
NOAA,USA,GFDL-ESM2M,NOAA Climate Change Web Portal,Regrid,CMIP5
NASA,USA,GISS-E2-H,NOAA Climate Change Web Portal,Regrid,CMIP5
NASA,USA,GISS-E2-R,NOAA Climate Change Web Portal,Regrid,CMIP5
NIMR-KMA,Korea,HadGEM2-AO,NOAA Climate Change Web Portal,Regrid,CMIP5
MOHC,UK,HadGEM2-CC,NOAA Climate Change Web Portal,Regrid,CMIP5
MOHC,UK,HadGEM2-CC,NOAA Climate Change Web Portal,Regrid,CMIP5
MOHC,UK,HadGEM2-ES,NOAA Climate Change Web Portal,Regrid,CMIP5
MOHC,UK,HadGEM2-ES,NOAA Climate Change Web Portal,Regrid,CMIP5
INM,Russia,INMCM,NOAA Climate Change Web Portal,Regrid,CMIP5
IPSL,France,IPSL-CM5A-LR,NOAA Climate Change Web Portal,Regrid,CMIP5
IPSL,France,IPSL-CM5A-MR,NOAA Climate Change Web Portal,Regrid,CMIP5
IPSL,France,IPSL-CM5B-LR,NOAA Climate Change Web Portal,Regrid,CMIP5
MIROC,Japan,MIROC-ESM-CHEM,NOAA Climate Change Web Portal,Regrid,CMIP5
MIROC,Japan,MIROC-ESM,NOAA Climate Change Web Portal,Regrid,CMIP5
MIROC,Japan,MIROC5,NOAA Climate Change Web Portal,Regrid,CMIP5
MPI,Germany,MPI-ESM-LR,NOAA Climate Change Web Portal,Regrid,CMIP5
MPI,Germany,MPI-ESM-MR,NOAA Climate Change Web Portal,Regrid,CMIP5
MRI,Japan,MRI-CGCM3,NOAA Climate Change Web Portal,Regrid,CMIP5
NCC,Norway,NorESM1-ME,NOAA Climate Change Web Portal,Regrid,CMIP5
NCC,Norway,NorESM1-M,NOAA Climate Change Web Portal,Regrid,CMIP5
CSIRO-BOM,Australia,ACCESS-CM2,NOAA Climate Change Web Portal: CMIP6,Regrid,CMIP6
CSIRO-BOM,Australia,ACCESS-ESM1-5,NOAA Climate Change Web Portal: CMIP6,Regrid,CMIP6
BCC,China,BCC-CSM2-MR,NOAA Climate Change Web Portal: CMIP6,Regrid,CMIP6
NCAR,USA,CESM2-WACCM,NOAA Climate Change Web Portal: CMIP6,Regrid,CMIP6
CCCma,Canada,CanESM5-CanOE,NOAA Climate Change Web Portal: CMIP6,Regrid,CMIP6
CCCma,Canada,CanESM5,NOAA Climate Change Web Portal: CMIP6,Regrid,CMIP6
CNRM-CERFACS,France,CNRM-CM6-1,NOAA Climate Change Web Portal: CMIP6,Regrid,CMIP6
EC-EARTH,Consortium from Europe,EC-Earth3,NOAA Climate Change Web Portal: CMIP6,Regrid,CMIP6
EC-EARTH,Consortium from Europe,EC-Earth3-Veg,NOAA Climate Change Web Portal: CMIP6,Regrid,CMIP6
CAS,China,FGOALS-f3-L,NOAA Climate Change Web Portal: CMIP6,Regrid,CMIP6
LASG-CESS,China,FGOALS-g3,NOAA Climate Change Web Portal: CMIP6,Regrid,CMIP6
MOHC,UK,HadGEM3-GC31-LL,NOAA Climate Change Web Portal: CMIP6,Regrid,CMIP6
INM-RAS,Russia,INM-CM4-8,NOAA Climate Change Web Portal: CMIP6,Regrid,CMIP6
INM-RAS,Russia,INM-CM5-0,NOAA Climate Change Web Portal: CMIP6,Regrid,CMIP6
NIMS-KMA,Korea,KACE-1-0-G,NOAA Climate Change Web Portal: CMIP6,Regrid,CMIP6
UA,USA,MCM-UA-1-0,NOAA Climate Change Web Portal: CMIP6,Regrid,CMIP6
MIROC,Japan,MIROC-ES2L,NOAA Climate Change Web Portal: CMIP6,Regrid,CMIP6
MIROC,Japan,MIROC6,NOAA Climate Change Web Portal: CMIP6,Regrid,CMIP6
MRI,Japan,MRI-ESM2-0,NOAA Climate Change Web Portal: CMIP6,Regrid,CMIP6
MOHC,UK,UKESM1-0-LL,NOAA Climate Change Web Portal: CMIP6,Regrid,CMIP6
AWI,Germany,AWI-CM-1-1-MR,NOAA Climate Change Web Portal: CMIP6,Regrid,CMIP6
Tsinghua University,China,CIESM,NOAA Climate Change Web Portal: CMIP6,Regrid,CMIP6
CNRM-CERFACS,France,CNRM-CM6-1-HR,NOAA Climate Change Web Portal: CMIP6,Regrid,CMIP6
CNRM-CERFACS,France,CNRM-ESM2-1,NOAA Climate Change Web Portal: CMIP6,Regrid,CMIP6
FIO,China,FIO-ESM-2-0,NOAA Climate Change Web Portal: CMIP6,Regrid,CMIP6
NOAA,USA,GFDL-ESM4,NOAA Climate Change Web Portal: CMIP6,Regrid,CMIP6
NASA,USA,GISS-E2-1-G,NOAA Climate Change Web Portal: CMIP6,Regrid,CMIP6
IPSL,France,IPSL-CM6A-LR,NOAA Climate Change Web Portal: CMIP6,Regrid,CMIP6
HAMMOZ,China,MPI-ESM1-2-HR,NOAA Climate Change Web Portal: CMIP6,Regrid,CMIP6
HAMMOZ,China,MPI-ESM1-2-LR,NOAA Climate Change Web Portal: CMIP6,Regrid,CMIP6
NCC,Norway,NorESM2-LM,NOAA Climate Change Web Portal: CMIP6,Regrid,CMIP6
NCC,Norway,NorESM2-MM,NOAA Climate Change Web Portal: CMIP6,Regrid,CMIP6
CAMS,China,CAMS-CSM1-0,NOAA Climate Change Web Portal: CMIP6,Regrid,CMIP6
NCAR,USA,CESM2,NOAA Climate Change Web Portal: CMIP6,Regrid,CMIP6
CSIRO-BOM,Australia,ACCESS1.0,CONUS Climate Console,MACA,CMIP5
CCCma,Canada,CanESM2,CONUS Climate Console,MACA,CMIP5
CCCma,Canada,CanESM2,CONUS Climate Console,MACA,CMIP5
NCAR,USA,CCSM4,CONUS Climate Console,MACA,CMIP5
NCAR,USA,CESM1(BGC),CONUS Climate Console,MACA,CMIP5
CMCC,Italy,CMCC-CM,CONUS Climate Console,MACA,CMIP5
CNRM-CERFACS,France,CNRM-CM5,CONUS Climate Console,MACA,CMIP5
NOAA,USA,GFDL-CM3,CONUS Climate Console,MACA,CMIP5
MOHC,UK,HadGEM2-CC,CONUS Climate Console,MACA,CMIP5
MOHC,UK,HadGEM2-CC,CONUS Climate Console,MACA,CMIP5
MOHC,UK,HadGEM2-ES,CONUS Climate Console,MACA,CMIP5
MOHC,UK,HadGEM2-ES,CONUS Climate Console,MACA,CMIP5
MIROC,Japan,MIROC5,CONUS Climate Console,MACA,CMIP5
MPI,Germany,ECHAM5/MPI-OM,Pacific Northwest Climate Projection Tool,Dynamical Downscaling,CMIP3
NCAR,USA,CCSM3,Pacific Northwest Climate Projection Tool,Dynamical Downscaling,CMIP3
NCAR,USA,CCSM4,Pacific Northwest Climate Projection Tool,Dynamical Downscaling,CMIP5
CSIRO-BOM,Australia,ACCESS1.0,Pacific Northwest Climate Projection Tool,Dynamical Downscaling,CMIP5
CSIRO-BOM,Australia,ACCESS1.3,Pacific Northwest Climate Projection Tool,Dynamical Downscaling,CMIP5
BCC,China,BCC-CSM1.1,Pacific Northwest Climate Projection Tool,Dynamical Downscaling,CMIP5
CCCma,Canada,CanESM2,Pacific Northwest Climate Projection Tool,Dynamical Downscaling,CMIP5
CSIRO-QCCCE,Australia,CSIRO-Mk3.6.0,Pacific Northwest Climate Projection Tool,Dynamical Downscaling,CMIP5
LASG-CESS,China,FGOALS-g2,Pacific Northwest Climate Projection Tool,Dynamical Downscaling,CMIP5
NOAA,USA,GFDL-CM3,Pacific Northwest Climate Projection Tool,Dynamical Downscaling,CMIP5
NASA,USA,GISS-E2-H,Pacific Northwest Climate Projection Tool,Dynamical Downscaling,CMIP5
MIROC,Japan,MIROC5,Pacific Northwest Climate Projection Tool,Dynamical Downscaling,CMIP5
MRI,Japan,MRI-CGCM3,Pacific Northwest Climate Projection Tool,Dynamical Downscaling,CMIP5
NCC,Norway,NorESM1-M,Pacific Northwest Climate Projection Tool,Dynamical Downscaling,CMIP5
CCCma,Canada,CanESM2,AdaptWest Watershed Climate Data Explorer,Dynamical Downscaling,CMIP5
CSIRO-BOM,Australia,ACCESS1.0,AdaptWest Watershed Climate Data Explorer,Dynamical Downscaling,CMIP5
IPSL,France,IPSL-CM5A-MR,AdaptWest Watershed Climate Data Explorer,Dynamical Downscaling,CMIP5
MIROC,Japan,MIROC5,AdaptWest Watershed Climate Data Explorer,Dynamical Downscaling,CMIP5
MPI-M,Germany,MPI-ESM-LR,AdaptWest Watershed Climate Data Explorer,Dynamical Downscaling,CMIP5
NCAR,USA,CCSM4,AdaptWest Watershed Climate Data Explorer,Dynamical Downscaling,CMIP5
MOHC,UK,HadGEM2-ES,AdaptWest Watershed Climate Data Explorer,Dynamical Downscaling,CMIP5
MOHC,UK,HadGEM2-ES,AdaptWest Watershed Climate Data Explorer,Dynamical Downscaling,CMIP5
CNRM-CERFACS,France,CNRM-CM5,AdaptWest Watershed Climate Data Explorer,Dynamical Downscaling,CMIP5
CSIRO-QCCCE,Australia,CSIRO-Mk3.6.0,AdaptWest Watershed Climate Data Explorer,Dynamical Downscaling,CMIP5
NOAA,USA,GFDL-CM3,AdaptWest Watershed Climate Data Explorer,Dynamical Downscaling,CMIP5
INM,Russia,INM-CM4,AdaptWest Watershed Climate Data Explorer,Dynamical Downscaling,CMIP5
MRI,Japan,MRI-CGCM3,AdaptWest Watershed Climate Data Explorer,Dynamical Downscaling,CMIP5
MIROC,Japan,MIROC-ESM,AdaptWest Watershed Climate Data Explorer,Dynamical Downscaling,CMIP5
NCAR,USA,CESM1(CAM5),AdaptWest Watershed Climate Data Explorer,Dynamical Downscaling,CMIP5
NASA,USA,GISS-E2-R,AdaptWest Watershed Climate Data Explorer,Dynamical Downscaling,CMIP5
USGS,USA,CoSMos,Cal-Adapt Climate Tools,LOCA,Other
UCBerkeley,USA,CalFloD3D-TFS,Cal-Adapt Climate Tools,LOCA,Other
CCCma,Canada,CanESM2,Cal-Adapt Climate Tools,LOCA,CMIP5
CNRM-CERFACS,France,CNRM-CM5,Cal-Adapt Climate Tools,LOCA,CMIP5
MOHC,UK,HadGEM2-ES,Cal-Adapt Climate Tools,LOCA,CMIP5
MIROC,Japan,MIROC5,Cal-Adapt Climate Tools,LOCA,CMIP5
NCAR,USA,CESM1(BGC),Cal-Adapt Climate Tools,LOCA,CMIP5
CMCC,Italy,CMCC-CMS,Cal-Adapt Climate Tools,LOCA,CMIP5
NOAA,USA,GFDL-CM3,Cal-Adapt Climate Tools,LOCA,CMIP5
MOHC,UK,HadGEM2-CC,Cal-Adapt Climate Tools,LOCA,CMIP5
CSIRO-BOM,Australia,ACCESS1-0,Cal-Adapt Climate Tools,LOCA,CMIP5
NCAR,USA,CCSM4,Cal-Adapt Climate Tools,LOCA,CMIP5
CSIRO-BOM,Australia,ACCESS1.0,EPA CREAT,Regrid,CMIP5
CSIRO-BOM,Australia,ACCESS1.3,EPA CREAT,Regrid,CMIP5
BCC,China,BCC-CSM1.1,EPA CREAT,Regrid,CMIP5
BCC,China,BCC-CSM1.1(m),EPA CREAT,Regrid,CMIP5
GCESS,China,BNU-ESM,EPA CREAT,Regrid,CMIP5
CCCma,Canada,CanESM2,EPA CREAT,Regrid,CMIP5
NCAR,USA,CCSM4,EPA CREAT,Regrid,CMIP5
NCAR,USA,CESM1(BGC),EPA CREAT,Regrid,CMIP5
NCAR,USA,CESM1(CAM5),EPA CREAT,Regrid,CMIP5
CMCC,Italy,CMCC-CM,EPA CREAT,Regrid,CMIP5
CMCC,Italy,CMCC-CMS,EPA CREAT,Regrid,CMIP5
CNRM-CERFACS,France,CNRM-CM5,EPA CREAT,Regrid,CMIP5
CSIRO-QCCCE,Australia,CSIRO-Mk3.6.0,EPA CREAT,Regrid,CMIP5
EC-EARTH,Consortium from Europe,EC-EARTH,EPA CREAT,Regrid,CMIP5
LASG-CESS,China,FGOALS-g2,EPA CREAT,Regrid,CMIP5
LASG-CESS,China,FGOALS-s2,EPA CREAT,Regrid,CMIP5
NOAA,USA,GFDL-CM3,EPA CREAT,Regrid,CMIP5
NOAA,USA,GFDL-ESM2G,EPA CREAT,Regrid,CMIP5
NOAA,USA,GFDL-ESM2M,EPA CREAT,Regrid,CMIP5
NASA,USA,GISS-E2-H,EPA CREAT,Regrid,CMIP5
NASA,USA,GISS-E2-H-CC,EPA CREAT,Regrid,CMIP5
NASA,USA,GISS-E2-R,EPA CREAT,Regrid,CMIP5
NASA,USA,GISS-E2-R-CC,EPA CREAT,Regrid,CMIP5
NIMR-KMA,Korea,HadGEM2-AO,EPA CREAT,Regrid,CMIP5
MOHC,UK,HadGEM2-CC,EPA CREAT,Regrid,CMIP5
MOHC,UK,HadGEM2-ES,EPA CREAT,Regrid,CMIP5
INM,Russia,INM-CM4,EPA CREAT,Regrid,CMIP5
IPSL,France,IPSL-CM5A-LR,EPA CREAT,Regrid,CMIP5
IPSL,France,IPSL-CM5A-MR,EPA CREAT,Regrid,CMIP5
IPSL,France,IPSL-CM5B-LR,EPA CREAT,Regrid,CMIP5
MIROC,Japan,MIROC-ESM,EPA CREAT,Regrid,CMIP5
MIROC,Japan,MIROC-ESM-CHEM,EPA CREAT,Regrid,CMIP5
MIROC,Japan,MIROC5,EPA CREAT,Regrid,CMIP5
MPI-M,Germany,MPI-ESM-LR,EPA CREAT,Regrid,CMIP5
MPI-M,Germany,MPI-ESM-MR,EPA CREAT,Regrid,CMIP5
MRI,Japan,MRI-CGCM3,EPA CREAT,Regrid,CMIP5
NCC,Norway,NorESM1-M,EPA CREAT,Regrid,CMIP5
NCC,Norway,NorESM1-ME,EPA CREAT,Regrid,CMIP5
BCC,China,BCC-CSM1.1,MACA Download Tools,MACA,CMIP5
BCC,China,BCC-CSM1.1(m),MACA Download Tools,MACA,CMIP5
GCESS,China,BNU-ESM,MACA Download Tools,MACA,CMIP5
CCCma,Canada,CanESM2,MACA Download Tools,MACA,CMIP5
NCAR,USA,CCSM4,MACA Download Tools,MACA,CMIP5
CNRM-CERFACS,France,CNRM-CM5,MACA Download Tools,MACA,CMIP5
CSIRO-QCCCE,Australia,CSIRO-Mk3.6.0,MACA Download Tools,MACA,CMIP5
NOAA,USA,GFDL-ESM2M,MACA Download Tools,MACA,CMIP5
NOAA,USA,GFDL-ESM2G,MACA Download Tools,MACA,CMIP5
MOHC,UK,HadGEM2-ES,MACA Download Tools,MACA,CMIP5
MOHC,UK,HadGEM2-CC,MACA Download Tools,MACA,CMIP5
INM,Russia,INM-CM4,MACA Download Tools,MACA,CMIP5
IPSL,France,IPSL-CM5A-LR,MACA Download Tools,MACA,CMIP5
IPSL,France,IPSL-CM5A-MR,MACA Download Tools,MACA,CMIP5
IPSL,France,IPSL-CM5B-LR,MACA Download Tools,MACA,CMIP5
MIROC,Japan,MIROC5,MACA Download Tools,MACA,CMIP5
MIROC,Japan,MIROC-ESM,MACA Download Tools,MACA,CMIP5
MIROC,Japan,MIROC-ESM-CHEM,MACA Download Tools,MACA,CMIP5
MRI,Japan,MRI-CGCM3,MACA Download Tools,MACA,CMIP5
NCC,Norway,NorESM1-M,MACA Download Tools,MACA,CMIP5
NOAA,USA,GFDL-ESM2G,Climate Impact Map,BCSD,CMIP5
FIO,China,FIO-ESM,Climate Impact Map,BCSD,CMIP5
NASA,USA,GISS-E2-R,Climate Impact Map,BCSD,CMIP5
LASG-CESS,China,FGOALS-g2,Climate Impact Map,BCSD,CMIP5
MPI-M,Germany,MPI-ESM-LR,Climate Impact Map,BCSD,CMIP5
MPI-M,Germany,MPI-ESM-MR,Climate Impact Map,BCSD,CMIP5
BCC,China,BCC-CSM1.1,Climate Impact Map,BCSD,CMIP5
NCC,Norway,NorESM1-M,Climate Impact Map,BCSD,CMIP5
NCAR,USA,CCSM4,Climate Impact Map,BCSD,CMIP5
NCC,Norway,NorESM1-ME,Climate Impact Map,BCSD,CMIP5
MRI,Japan,MRI-CGCM3,Climate Impact Map,BCSD,CMIP5
MIROC,Japan,MIROC5,Climate Impact Map,BCSD,CMIP5
IPSL,France,IPSL-CM5A-MR,Climate Impact Map,BCSD,CMIP5
NIMR-KMA,Korea,HadGEM2-AO,Climate Impact Map,BCSD,CMIP5
GCESS,China,BNU-ESM,Climate Impact Map,BCSD,CMIP5
IPSL,France,IPSL-CM5A-LR,Climate Impact Map,BCSD,CMIP5
MOHC,UK,HadGEM2-ES,Climate Impact Map,BCSD,CMIP5
NCAR,USA,CESM1(CAM5),Climate Impact Map,BCSD,CMIP5
CSIRO-QCCCE,Australia,CSIRO-Mk3.6.0,Climate Impact Map,BCSD,CMIP5
CCCma,Canada,CanESM2,Climate Impact Map,BCSD,CMIP5
MIROC,Japan,MIROC-ESM-CHEM,Climate Impact Map,BCSD,CMIP5
MIROC,Japan,MIROC-ESM,Climate Impact Map,BCSD,CMIP5
NCAR,USA,GFDL-CM3,Climate Impact Map,BCSD,CMIP5
MOHC,UK,HadGEM2-ES,Climate Impact Map,BCSD,CMIP5
BCC,China,BCC-CSM1.1,Climate Toolbox,MACA,CMIP5
BCC,China,BCC-CSM1.1(m),Climate Toolbox,MACA,CMIP5
GCESS,China,BNU-ESM,Climate Toolbox,MACA,CMIP5
CCCma,Canada,CanESM2,Climate Toolbox,MACA,CMIP5
NCAR,USA,CCSM4,Climate Toolbox,MACA,CMIP5
CNRM-CERFACS,France,CNRM-CM5,Climate Toolbox,MACA,CMIP5
CSIRO-QCCCE,Australia,CSIRO-Mk3.6.0,Climate Toolbox,MACA,CMIP5
NOAA,USA,GFDL-ESM2G,Climate Toolbox,MACA,CMIP5
NOAA,USA,GFDL-ESM2M,Climate Toolbox,MACA,CMIP5
MOHC,UK,HadGEM2-CC365,Climate Toolbox,MACA,CMIP5
MOHC,UK,HadGEM2-ES365,Climate Toolbox,MACA,CMIP5
INM,Russia,INM-CM4,Climate Toolbox,MACA,CMIP5
IPSL,France,IPSL-CM5A-LR,Climate Toolbox,MACA,CMIP5
IPSL,France,IPSL-CM5A-MR,Climate Toolbox,MACA,CMIP5
IPSL,France,IPSL-CM5B-LR,Climate Toolbox,MACA,CMIP5
MIROC,Japan,MIROC5,Climate Toolbox,MACA,CMIP5
MIROC,Japan,MIROC-ESM,Climate Toolbox,MACA,CMIP5
MIROC,Japan,MIROC-ESM-CHEM,Climate Toolbox,MACA,CMIP5
MRI,Japan,MRI-CGCM3,Climate Toolbox,MACA,CMIP5
NCC,Norway,NorESM1-M,Climate Toolbox,MACA,CMIP5
CSIRO-BOM,Australia,ACCESS-CM2,IPCC AR6 Interactive Atlas,Regrid,CMIP6
CSIRO-BOM,Australia,ACCESS-ESM1-5,IPCC AR6 Interactive Atlas,Regrid,CMIP6
AWI,Germany,AWI-CM-1-1-MR,IPCC AR6 Interactive Atlas,Regrid,CMIP6
BCC,China,BCC-CSM2-MR,IPCC AR6 Interactive Atlas,Regrid,CMIP6
CAMS,China,CAMS-CSM1-0,IPCC AR6 Interactive Atlas,Regrid,CMIP6
CCCma,Canada,CanESM5,IPCC AR6 Interactive Atlas,Regrid,CMIP6
NCAR,USA,CESM2,IPCC AR6 Interactive Atlas,Regrid,CMIP6
NCAR,USA,CESM2-WACCM,IPCC AR6 Interactive Atlas,Regrid,CMIP6
CMCC,Italy,CMCC-CM2-SR5,IPCC AR6 Interactive Atlas,Regrid,CMIP6
CNRM-CERFACS,France,CNRM-CM6-1,IPCC AR6 Interactive Atlas,Regrid,CMIP6
CNRM-CERFACS,France,CNRM-CM6-1-HR,IPCC AR6 Interactive Atlas,Regrid,CMIP6
CNRM-CERFACS,France,CNRM-ESM2-1,IPCC AR6 Interactive Atlas,Regrid,CMIP6
EC-EARTH,Consortium from Europe,EC-Earth3,IPCC AR6 Interactive Atlas,Regrid,CMIP6
EC-EARTH,Consortium from Europe,EC-Earth3-Veg,IPCC AR6 Interactive Atlas,Regrid,CMIP6
LASG IAP,China,FGOALS-g3,IPCC AR6 Interactive Atlas,Regrid,CMIP6
NOAA,USA,GFDL-CM4,IPCC AR6 Interactive Atlas,Regrid,CMIP6
NOAA,USA,GFDL-ESM4,IPCC AR6 Interactive Atlas,Regrid,CMIP6
MOHC,UK,HadGEM3-GC31-LL,IPCC AR6 Interactive Atlas,Regrid,CMIP6
CCCR-IITM,India,IITM-ESM,IPCC AR6 Interactive Atlas,Regrid,CMIP6
INM-RAS,Russia,INM-CM4-8,IPCC AR6 Interactive Atlas,Regrid,CMIP6
INM-RAS,Russia,INM-CM5-0,IPCC AR6 Interactive Atlas,Regrid,CMIP6
IPSL,France,IPSL-CM6A-LR,IPCC AR6 Interactive Atlas,Regrid,CMIP6
NIMS-KMA,Korea,KACE-1-0-G,IPCC AR6 Interactive Atlas,Regrid,CMIP6
KIOST,Korea,KIOST-ESM,IPCC AR6 Interactive Atlas,Regrid,CMIP6
MIROC,Japan,MIROC-ES2L,IPCC AR6 Interactive Atlas,Regrid,CMIP6
MIROC,Japan,MIROC6,IPCC AR6 Interactive Atlas,Regrid,CMIP6
HAMMOZ,China,MPI-ESM-1-2-HAM,IPCC AR6 Interactive Atlas,Regrid,CMIP6
HAMMOZ,China,MPI-ESM1-2-HR,IPCC AR6 Interactive Atlas,Regrid,CMIP6
HAMMOZ,China,MPI-ESM1-2-LR,IPCC AR6 Interactive Atlas,Regrid,CMIP6
MRI,Japan,MRI-ESM2-0,IPCC AR6 Interactive Atlas,Regrid,CMIP6
NUIST,China,NESM3,IPCC AR6 Interactive Atlas,Regrid,CMIP6
NCC,Norway,NorESM2-LM,IPCC AR6 Interactive Atlas,Regrid,CMIP6
NCC,Norway,NorESM2-MM,IPCC AR6 Interactive Atlas,Regrid,CMIP6
AS-RCEC,China,TaiESM1,IPCC AR6 Interactive Atlas,Regrid,CMIP6
MOHC,UK,UKESM1-0-LL,IPCC AR6 Interactive Atlas,Regrid,CMIP6
CNRM-CERFACS,France,CNRM-CM5,IPCC AR6 Interactive Atlas,Regrid,CMIP5
CSIRO-QCCCE,Australia,CSIRO-Mk3.6.0,IPCC AR6 Interactive Atlas,Regrid,CMIP5
CCCma,Canada,CanESM2,IPCC AR6 Interactive Atlas,Regrid,CMIP5
EC-EARTH,Consortium from Europe,EC-EARTH,IPCC AR6 Interactive Atlas,Regrid,CMIP5
LASG-CESS,China,FGOALS-g2,IPCC AR6 Interactive Atlas,Regrid,CMIP5
NOAA,USA,GFDL-CM3,IPCC AR6 Interactive Atlas,Regrid,CMIP5
NOAA,USA,GFDL-ESM2G,IPCC AR6 Interactive Atlas,Regrid,CMIP5
NOAA,USA,GFDL-ESM2M,IPCC AR6 Interactive Atlas,Regrid,CMIP5
MOHC,UK,HadGEM2-CC,IPCC AR6 Interactive Atlas,Regrid,CMIP5
MOHC,UK,HadGEM2-ES,IPCC AR6 Interactive Atlas,Regrid,CMIP5
IPSL,France,IPSL-CM5A-LR,IPCC AR6 Interactive Atlas,Regrid,CMIP5
IPSL,France,IPSL-CM5A-MR,IPCC AR6 Interactive Atlas,Regrid,CMIP5
IPSL,France,IPSL-CM5B-LR,IPCC AR6 Interactive Atlas,Regrid,CMIP5
MIROC,Japan,MIROC-ESM-CHEM,IPCC AR6 Interactive Atlas,Regrid,CMIP5
MIROC,Japan,MIROC-ESM,IPCC AR6 Interactive Atlas,Regrid,CMIP5
MIROC,Japan,MIROC5,IPCC AR6 Interactive Atlas,Regrid,CMIP5
MPI-M,Germany,MPI-ESM-LR,IPCC AR6 Interactive Atlas,Regrid,CMIP5
MPI-M,Germany,MPI-ESM-MR,IPCC AR6 Interactive Atlas,Regrid,CMIP5
MRI,Japan,MRI-CGCM3,IPCC AR6 Interactive Atlas,Regrid,CMIP5
NCC,Norway,NorESM1-M,IPCC AR6 Interactive Atlas,Regrid,CMIP5
BCC,China,BCC-CSM1.1(m),IPCC AR6 Interactive Atlas,Regrid,CMIP5
BCC,China,BCC-CSM1.1,IPCC AR6 Interactive Atlas,Regrid,CMIP5
INM,Russia,INM-CM4,IPCC AR6 Interactive Atlas,Regrid,CMIP5
BCC,China,BCC-CSM1.1,GDO-DCHP,LOCA,CMIP5
BCC,China,BCC-CSM1.1,GDO-DCHP,BCCA,CMIP5
BCC,China,BCC-CSM1.1,GDO-DCHP,Regrid,CMIP5
BCC,China,BCC-CSM1.1(m),GDO-DCHP,BCSD,CMIP5
BCC,China,BCC-CSM1.1(m),GDO-DCHP,Regrid,CMIP5
CCCma,Canada,CanESM2,GDO-DCHP,LOCA,CMIP5
CCCma,Canada,CanESM2,GDO-DCHP,BCCA,CMIP5
CCCma,Canada,CanESM2,GDO-DCHP,Regrid,CMIP5
CMCC,Italy,CMCC-CM,GDO-DCHP,BCSD,CMIP5
CMCC,Italy,CMCC-CM,GDO-DCHP,Regrid,CMIP5
CNRM-CERFACS,France,CNRM-CM5,GDO-DCHP,LOCA,CMIP5
CNRM-CERFACS,France,CNRM-CM5,GDO-DCHP,BCSD,CMIP5
CNRM-CERFACS,France,CNRM-CM5,GDO-DCHP,BCCA,CMIP5
CNRM-CERFACS,France,CNRM-CM5,GDO-DCHP,Regrid,CMIP5
CSIRO-BOM,Australia,ACCESS1.0,GDO-DCHP,LOCA,CMIP5
CSIRO-BOM,Australia,ACCESS1.0,GDO-DCHP,BCCA,CMIP5
CSIRO-BOM,Australia,ACCESS1.0,GDO-DCHP,Regrid,CMIP5
CSIRO-BOM,Australia,ACCESS1.3,GDO-DCHP,BCSD,CMIP5
CSIRO-BOM,Australia,ACCESS1.3,GDO-DCHP,Regrid,CMIP5
CSIRO-QCCCE,Australia,CSIRO-Mk3.6.0,GDO-DCHP,LOCA,CMIP5
CSIRO-QCCCE,Australia,CSIRO-Mk3.6.0,GDO-DCHP,BCCA,CMIP5
CSIRO-QCCCE,Australia,CSIRO-Mk3.6.0,GDO-DCHP,Regrid,CMIP5
EC-EARTH,Consortium from Europe,EC-EARTH,GDO-DCHP,BCSD,CMIP5
EC-EARTH,Consortium from Europe,EC-EARTH,GDO-DCHP,Regrid,CMIP5
FIO,China,FIO-ESM,GDO-DCHP,BCSD,CMIP5
FIO,China,FIO-ESM,GDO-DCHP,Regrid,CMIP5
GCESS,China,BNU-ESM,GDO-DCHP,BCSD,CMIP5
GCESS,China,BNU-ESM,GDO-DCHP,BCCA,CMIP5
GCESS,China,BNU-ESM,GDO-DCHP,Regrid,CMIP5
INM,Russia,INM-CM4,GDO-DCHP,LOCA,CMIP5
INM,Russia,INM-CM4,GDO-DCHP,BCCA,CMIP5
INM,Russia,INM-CM4,GDO-DCHP,Regrid,CMIP5
IPSL,France,IPSL-CM5A-LR,GDO-DCHP,BCCA,CMIP5
IPSL,France,IPSL-CM5A-LR,GDO-DCHP,Regrid,CMIP5
IPSL,France,IPSL-CM5A-MR,GDO-DCHP,LOCA,CMIP5
IPSL,France,IPSL-CM5A-MR,GDO-DCHP,BCCA,CMIP5
IPSL,France,IPSL-CM5A-MR,GDO-DCHP,Regrid,CMIP5
IPSL,France,IPSL-CM5B-LR,GDO-DCHP,BCSD,CMIP5
IPSL,France,IPSL-CM5B-LR,GDO-DCHP,Regrid,CMIP5
LASG-CESS,China,FGOALS-g2,GDO-DCHP,BCSD,CMIP5
LASG-CESS,China,FGOALS-g2,GDO-DCHP,Regrid,CMIP5
LASG-CESS,China,FGOALS-s2,GDO-DCHP,BCSD,CMIP5
LASG-CESS,China,FGOALS-s2,GDO-DCHP,Regrid,CMIP5
MIROC,Japan,MIROC5,GDO-DCHP,LOCA,CMIP5
MIROC,Japan,MIROC5,GDO-DCHP,BCCA,CMIP5
MIROC,Japan,MIROC5,GDO-DCHP,Regrid,CMIP5
MIROC,Japan,MIROC-ESM,GDO-DCHP,LOCA,CMIP5
MIROC,Japan,MIROC-ESM,GDO-DCHP,BCCA,CMIP5
MIROC,Japan,MIROC-ESM,GDO-DCHP,Regrid,CMIP5
MIROC,Japan,MIROC-ESM-CHEM,GDO-DCHP,LOCA,CMIP5
MIROC,Japan,MIROC-ESM-CHEM,GDO-DCHP,BCCA,CMIP5
MIROC,Japan,MIROC-ESM-CHEM,GDO-DCHP,Regrid,CMIP5
MOHC,UK,HadGEM2-AO,GDO-DCHP,Regrid,CMIP5
MOHC,UK,HadGEM2-AO,GDO-DCHP,Regrid,CMIP5
MOHC,UK,HadGEM2-CC,GDO-DCHP,BCSD,CMIP5
MOHC,UK,HadGEM2-CC,GDO-DCHP,Regrid,CMIP5
MOHC,UK,HadGEM2-ES,GDO-DCHP,BCSD,CMIP5
MOHC,UK,HadGEM2-ES,GDO-DCHP,Regrid,CMIP5
MPI-M,Germany,MPI-ESM-LR,GDO-DCHP,LOCA,CMIP5
MPI-M,Germany,MPI-ESM-LR,GDO-DCHP,BCCA,CMIP5
MPI-M,Germany,MPI-ESM-LR,GDO-DCHP,Regrid,CMIP5
MPI-M,Germany,MPI-ESM-MR,GDO-DCHP,LOCA,CMIP5
MPI-M,Germany,MPI-ESM-MR,GDO-DCHP,BCCA,CMIP5
MPI-M,Germany,MPI-ESM-MR,GDO-DCHP,Regrid,CMIP5
MRI,Japan,MRI-CGCM3,GDO-DCHP,LOCA,CMIP5
MRI,Japan,MRI-CGCM3,GDO-DCHP,BCCA,CMIP5
MRI,Japan,MRI-CGCM3,GDO-DCHP,Regrid,CMIP5
NASA,USA,GISS-E2-H-CC,GDO-DCHP,BCSD,CMIP5
NASA,USA,GISS-E2-H-CC,GDO-DCHP,Regrid,CMIP5
NASA,USA,GISS-E2-R,GDO-DCHP,BCSD,CMIP5
NASA,USA,GISS-E2-R,GDO-DCHP,Regrid,CMIP5
NASA,USA,GISS-E2-R-CC,GDO-DCHP,BCSD,CMIP5
NASA,USA,GISS-E2-R-CC,GDO-DCHP,Regrid,CMIP5
NCAR,USA,CCSM4,GDO-DCHP,BCSD,CMIP5
NCAR,USA,CCSM4,GDO-DCHP,BCCA,CMIP5
NCAR,USA,CCSM4,GDO-DCHP,Regrid,CMIP5
NCC,Norway,NorESM1-M,GDO-DCHP,LOCA,CMIP5
NCC,Norway,NorESM1-M,GDO-DCHP,BCCA,CMIP5
NCC,Norway,NorESM1-M,GDO-DCHP,Regrid,CMIP5
NCC,Norway,NorESM1-ME,GDO-DCHP,BCSD,CMIP5
NCC,Norway,NorESM1-ME,GDO-DCHP,Regrid,CMIP5
NOAA,USA,GFDL-CM3,GDO-DCHP,LOCA,CMIP5
NOAA,USA,GFDL-CM3,GDO-DCHP,BCCA,CMIP5
NOAA,USA,GFDL-CM3,GDO-DCHP,Regrid,CMIP5
NOAA,USA,GFDL-ESM2G,GDO-DCHP,LOCA,CMIP5
NOAA,USA,GFDL-ESM2G,GDO-DCHP,BCCA,CMIP5
NOAA,USA,GFDL-ESM2G,GDO-DCHP,Regrid,CMIP5
NOAA,USA,GFDL-ESM2M,GDO-DCHP,LOCA,CMIP5
NOAA,USA,GFDL-ESM2M,GDO-DCHP,BCCA,CMIP5
NOAA,USA,GFDL-ESM2M,GDO-DCHP,Regrid,CMIP5
NCAR,USA,CESM1(BGC),GDO-DCHP,LOCA,CMIP5
NCAR,USA,CESM1(BGC),GDO-DCHP,BCCA,CMIP5
NCAR,USA,CESM1(BGC),GDO-DCHP,Regrid,CMIP5
NCAR,USA,CESM1(CAM5),GDO-DCHP,BCSD,CMIP5
NCAR,USA,CESM1(CAM5),GDO-DCHP,Regrid,CMIP5
BCCR,Norway,BCCR-BCM2.0,GDO-DCHP,BCSD,CMIP3
CCCma,Canada,CGCM3.1(T47),GDO-DCHP,BCCA,CMIP3
CCCma,Canada,CGCM3.1(T47),GDO-DCHP,BCSD,CMIP3
CNRM,France,CNRM-CM3,GDO-DCHP,BCCA,CMIP3
CSIRO-AR,Australia,CSIRO-Mk3.0,GDO-DCHP,BCSD,CMIP3
NOAA,USA,GFDL-CM2.0,GDO-DCHP,BCCA,CMIP3
NOAA,USA,GFDL-CM2.1,GDO-DCHP,BCCA,CMIP5
NASA,USA,GISS-ER,GDO-DCHP,BCSD,CMIP3
INM,Russia,INM-CM3.0,GDO-DCHP,BCSD,CMIP3
IPSL,France,IPSL-CM4,GDO-DCHP,BCCA,CMIP3
CCSR,Japan,MIROC3.2(medres),GDO-DCHP,BCSD,CMIP3
CCSR,Japan,MIROC3.2(medres),GDO-DCHP,BCCA,CMIP3
MIUB-MRI,Germany,ECHO-G,GDO-DCHP,BCCA,CMIP3
MPI-M,Germany,ECHAM5/MPI-OM,GDO-DCHP,BCCA,CMIP3
MPI-M,Germany,ECHAM5/MPI-OM,GDO-DCHP,BCSD,CMIP3
MRI,Japan,MRI-CGCM2.3.2,GDO-DCHP,BCCA,CMIP3
NCAR,USA,CCSM3,GDO-DCHP,BCSD,CMIP3
NCAR,USA,PCM,GDO-DCHP,BCSD,CMIP3
HCCPR,UK,UKMO-HadCM3,GDO-DCHP,BCSD,CMIP3
BCC,China,BCC-CSM1.1,KNMI Climate Change Atlas,Regrid,CMIP5
BCC,China,BCC-CSM1.1(m),KNMI Climate Change Atlas,Regrid,CMIP5
CCCma,Canada,CanAM4,KNMI Climate Change Atlas,Regrid,CMIP5
CCCma,Canada,CanCM4,KNMI Climate Change Atlas,Regrid,CMIP5
CCCma,Canada,CanESM2,KNMI Climate Change Atlas,Regrid,CMIP5
CCCma,Canada,CanESM2,KNMI Climate Change Atlas,Regrid,CMIP5
CMCC,Italy,CMCC-CESM,KNMI Climate Change Atlas,Regrid,CMIP5
CMCC,Italy,CMCC-CM,KNMI Climate Change Atlas,Regrid,CMIP5
CMCC,Italy,CMCC-CMS,KNMI Climate Change Atlas,Regrid,CMIP5
CNRM-CERFACS,France,CNRM-CM5,KNMI Climate Change Atlas,Regrid,CMIP5
CNRM-CERFACS,France,CNRM-CM5-2,KNMI Climate Change Atlas,Regrid,CMIP5
NOAA,USA,CFSv2-2011,KNMI Climate Change Atlas,Regrid,CMIP5
CSIRO-BOM,Australia,ACCESS1.0,KNMI Climate Change Atlas,Regrid,CMIP5
CSIRO-BOM,Australia,ACCESS1.3,KNMI Climate Change Atlas,Regrid,CMIP5
CSIRO-QCCCE,Australia,CSIRO-Mk3.6.0,KNMI Climate Change Atlas,Regrid,CMIP5
EC-EARTH,Consortium from Europe,EC-EARTH,KNMI Climate Change Atlas,Regrid,CMIP5
FIO,China,FIO-ESM,KNMI Climate Change Atlas,Regrid,CMIP5
GCESS,China,BNU-ESM,KNMI Climate Change Atlas,Regrid,CMIP5
INM,Russia,INM-CM4,KNMI Climate Change Atlas,Regrid,CMIP5
IPSL,France,IPSL-CM5A-LR,KNMI Climate Change Atlas,Regrid,CMIP5
IPSL,France,IPSL-CM5A-MR,KNMI Climate Change Atlas,Regrid,CMIP5
IPSL,France,IPSL-CM5B-LR,KNMI Climate Change Atlas,Regrid,CMIP5
LASG-CESS,China,FGOALS-g2,KNMI Climate Change Atlas,Regrid,CMIP5
LASG-CESS,China,FGOALS-gl,KNMI Climate Change Atlas,Regrid,CMIP5
LASG-CESS,China,FGOALS-s2,KNMI Climate Change Atlas,Regrid,CMIP5
MIROC,Japan,MIROC4h,KNMI Climate Change Atlas,Regrid,CMIP5
MIROC,Japan,MIROC5,KNMI Climate Change Atlas,Regrid,CMIP5
MIROC,Japan,MIROC-ESM,KNMI Climate Change Atlas,Regrid,CMIP5
MIROC,Japan,MIROC-ESM-CHEM,KNMI Climate Change Atlas,Regrid,CMIP5
MOHC,UK,HadCM3,KNMI Climate Change Atlas,Regrid,CMIP5
MOHC,UK,HadCM3,KNMI Climate Change Atlas,Regrid,CMIP5
MOHC,UK,HadCM3Q,KNMI Climate Change Atlas,Regrid,CMIP5
MOHC,UK,HadGEM2-A,KNMI Climate Change Atlas,Regrid,CMIP5
MOHC,UK,HadGEM2-CC,KNMI Climate Change Atlas,Regrid,CMIP5
MOHC,UK,HadGEM2-CC,KNMI Climate Change Atlas,Regrid,CMIP5
MOHC,UK,HadGEM2-ES,KNMI Climate Change Atlas,Regrid,CMIP5
MOHC,UK,HadGEM2-ES,KNMI Climate Change Atlas,Regrid,CMIP5
MPI-M,Germany,MPI-ESM-LR,KNMI Climate Change Atlas,Regrid,CMIP5
MPI-M,Germany,MPI-ESM-MR,KNMI Climate Change Atlas,Regrid,CMIP5
MPI-M,Germany,MPI-ESM-P,KNMI Climate Change Atlas,Regrid,CMIP5
MRI,Japan,MRI-AGCM3.2H,KNMI Climate Change Atlas,Regrid,CMIP6
MRI,Japan,MRI-AGCM3.2S,KNMI Climate Change Atlas,Regrid,CMIP6
MRI,Japan,MRI-CGCM3,KNMI Climate Change Atlas,Regrid,CMIP5
MRI,Japan,MRI-ESM1,KNMI Climate Change Atlas,Regrid,CMIP5
NASA,USA,GISS-E2-H,KNMI Climate Change Atlas,Regrid,CMIP5
NASA,USA,GISS-E2-H-CC,KNMI Climate Change Atlas,Regrid,CMIP5
NASA,USA,GISS-E2-R,KNMI Climate Change Atlas,Regrid,CMIP5
NASA,USA,GISS-E2-R-CC,KNMI Climate Change Atlas,Regrid,CMIP5
NASA,USA,GEOS-5,KNMI Climate Change Atlas,Regrid,CMIP5
NCAR,USA,CCSM4,KNMI Climate Change Atlas,Regrid,CMIP5
NCC,Norway,NorESM1-M,KNMI Climate Change Atlas,Regrid,CMIP5
NCC,Norway,NorESM1-ME,KNMI Climate Change Atlas,Regrid,CMIP5
JAMSTEC,Japan,NICAM.09,KNMI Climate Change Atlas,Regrid,CMIP5
NIMR-KMA,Korea,HadGEM2-AO,KNMI Climate Change Atlas,Regrid,CMIP5
NOAA,USA,GFDL-CM2.1,KNMI Climate Change Atlas,Regrid,CMIP5
NOAA,USA,GFDL-CM3,KNMI Climate Change Atlas,Regrid,CMIP5
NOAA,USA,GFDL-ESM2G,KNMI Climate Change Atlas,Regrid,CMIP5
NOAA,USA,GFDL-ESM2M,KNMI Climate Change Atlas,Regrid,CMIP5
NOAA,USA,GFDL-HIRAM-C180,KNMI Climate Change Atlas,Regrid,CMIP5
NOAA,USA,GFDL-HIRAM-C360,KNMI Climate Change Atlas,Regrid,CMIP5
NCAR,USA,CESM1(BGC),KNMI Climate Change Atlas,Regrid,CMIP5
NCAR,USA,CESM1(CAM5),KNMI Climate Change Atlas,Regrid,CMIP5
CSIRO-BOM,Australia,ACCESS-CM2,KNMI Climate Change Atlas,Regrid,CMIP6
CSIRO-BOM,Australia,ACCESS-ESM1-5,KNMI Climate Change Atlas,Regrid,CMIP6
BCC,China,BCC-CSM2-MR,KNMI Climate Change Atlas,Regrid,CMIP6
CCCma,Canada,CanESM5,KNMI Climate Change Atlas,Regrid,CMIP6
CNRM-CERFACS,France,CNRM-CM6-1,KNMI Climate Change Atlas,Regrid,CMIP6
CNRM-CERFACS,France,CNRM-ESM2-1,KNMI Climate Change Atlas,Regrid,CMIP6
EC-EARTH,Consortium from Europe,EC-Earth3-Veg,KNMI Climate Change Atlas,Regrid,CMIP6
LASG IAP,China,FGOALS-g3,KNMI Climate Change Atlas,Regrid,CMIP6
NOAA,USA,GFDL-CM4,KNMI Climate Change Atlas,Regrid,CMIP6
NOAA,USA,GFDL-ESM4,KNMI Climate Change Atlas,Regrid,CMIP6
MOHC,UK,HadGEM3-GC31-LL,KNMI Climate Change Atlas,Regrid,CMIP6
INM-RAS,Russia,INM-CM4-8,KNMI Climate Change Atlas,Regrid,CMIP6
INM-RAS,Russia,INM-CM5-0,KNMI Climate Change Atlas,Regrid,CMIP6
IPSL,France,IPSL-CM6A-LR,KNMI Climate Change Atlas,Regrid,CMIP6
MIROC,Japan,MIROC6,KNMI Climate Change Atlas,Regrid,CMIP6
MIROC,Japan,MIROC-ES2L,KNMI Climate Change Atlas,Regrid,CMIP6
MPI-M,Germany,MPI-ESM1-2-HR,KNMI Climate Change Atlas,Regrid,CMIP6
MPI-M,Germany,MPI-ESM1-2-LR,KNMI Climate Change Atlas,Regrid,CMIP6
MRI,Japan,MRI-ESM2-0,KNMI Climate Change Atlas,Regrid,CMIP6
NUIST,China,NESM3,KNMI Climate Change Atlas,Regrid,CMIP6
NCC,Norway,NorESM2-LM,KNMI Climate Change Atlas,Regrid,CMIP6
NCC,Norway,NorESM2-MM,KNMI Climate Change Atlas,Regrid,CMIP6
MOHC,UK,UKESM1-0-LL,KNMI Climate Change Atlas,Regrid,CMIP6